block,token,freq
CoreLang5_Block7_Interop_And_FFI (4),PY_CTYPE,445
CoreLang5_Block7_Interop_And_FFI (4),CL5_C7_ENDIAN_SWAP32_0001,3
CoreLang5_Block7_Interop_And_FFI (4),CL5_C7_CALLCONV_CDECL_STACK_BYTES_0001,3
CoreLang5_Block7_Interop_And_FFI (4),CL5_C7_VARINT_ULEB128_SIZE_BYTES_0001,3
CoreLang5_Block7_Interop_And_FFI (4),CL5_C7_NETWORK_NTOHL32_0001,3
CoreLang5_Block7_Interop_And_FFI (4),CL5_C7_PROTOBUF_FIELD_TAG_VALUE_0001,3
CoreLang5_Block7_Interop_And_FFI (4),CL5_C7_ALIGN_ROUNDUP_TO_ALIGNMENT_0001,3
CoreLang5_Block7_Interop_And_FFI (4),CL5_C7_BITFIELD_STORAGE_BYTES_0001,3
CoreLang5_Block7_Interop_And_FFI (4),CL5_C7_FFI_DLOPEN_FLAGS_MASK_0001,3
CoreLang5_Block7_Interop_And_FFI (4),CL5_C7_CALLCONV_STACK_CLEANUP_SIDE_0001,3
CoreLang5_Block7_Interop_And_FFI (4),CL5_C7_NETWORK_HTONS16_0001,3
CoreLang5_Block7_Interop_And_FFI (4),CL5_C7_HRESULT_IS_FAILURE_BIT_0001,3
CoreLang5_Block7_Interop_And_FFI (4),CL5_C7_ENDIAN_SWAP32_0002,3
CoreLang5_Block7_Interop_And_FFI (4),CL5_C7_CALLCONV_CDECL_STACK_BYTES_0002,3
CoreLang5_Block7_Interop_And_FFI (4),CL5_C7_VARINT_ULEB128_SIZE_BYTES_0002,3
CoreLang5_Block7_Interop_And_FFI (4),CL5_C7_NETWORK_NTOHL32_0002,3
CoreLang5_Block7_Interop_And_FFI (4),CL5_C7_PROTOBUF_FIELD_TAG_VALUE_0002,3
CoreLang5_Block7_Interop_And_FFI (4),CL5_C7_ALIGN_ROUNDUP_TO_ALIGNMENT_0002,3
CoreLang5_Block7_Interop_And_FFI (4),CL5_C7_BITFIELD_STORAGE_BYTES_0002,3
CoreLang5_Block7_Interop_And_FFI (4),CL5_C7_FFI_DLOPEN_FLAGS_MASK_0002,3
CoreLang5_Block7_Interop_And_FFI (4),CL5_C7_CALLCONV_STACK_CLEANUP_SIDE_0002,3
CoreLang5_Block7_Interop_And_FFI (4),CL5_C7_NETWORK_HTONS16_0002,3
CoreLang5_Block7_Interop_And_FFI (4),CL5_C7_HRESULT_IS_FAILURE_BIT_0002,3
CoreLang5_Block7_Interop_And_FFI (4),CL5_C7_ENDIAN_SWAP32_0003,3
CoreLang5_Block7_Interop_And_FFI (4),CL5_C7_CALLCONV_CDECL_STACK_BYTES_0003,3
CoreLang5_Block7_Interop_And_FFI (4),CL5_C7_VARINT_ULEB128_SIZE_BYTES_0003,3
CoreLang5_Block7_Interop_And_FFI (4),CL5_C7_NETWORK_NTOHL32_0003,3
CoreLang5_Block7_Interop_And_FFI (4),CL5_C7_PROTOBUF_FIELD_TAG_VALUE_0003,3
CoreLang5_Block7_Interop_And_FFI (4),CL5_C7_ALIGN_ROUNDUP_TO_ALIGNMENT_0003,3
CoreLang5_Block7_Interop_And_FFI (4),CL5_C7_BITFIELD_STORAGE_BYTES_0003,3
CoreLang5_Block7_Interop_And_FFI (4),CL5_C7_FFI_DLOPEN_FLAGS_MASK_0003,3
CoreLang5_Block7_Interop_And_FFI (4),CL5_C7_CALLCONV_STACK_CLEANUP_SIDE_0003,3
CoreLang5_Block7_Interop_And_FFI (4),CL5_C7_NETWORK_HTONS16_0003,3
CoreLang5_Block7_Interop_And_FFI (4),CL5_C7_HRESULT_IS_FAILURE_BIT_0003,3
CoreLang5_Block7_Interop_And_FFI (4),CL5_C7_ENDIAN_SWAP32_0004,3
CoreLang5_Block7_Interop_And_FFI (4),CL5_C7_CALLCONV_CDECL_STACK_BYTES_0004,3
CoreLang5_Block7_Interop_And_FFI (4),CL5_C7_VARINT_ULEB128_SIZE_BYTES_0004,3
CoreLang5_Block7_Interop_And_FFI (4),CL5_C7_NETWORK_NTOHL32_0004,3
CoreLang5_Block7_Interop_And_FFI (4),CL5_C7_PROTOBUF_FIELD_TAG_VALUE_0004,3
CoreLang5_Block7_Interop_And_FFI (4),CL5_C7_ALIGN_ROUNDUP_TO_ALIGNMENT_0004,3
CoreLang5_Block7_Interop_And_FFI (4),CL5_C7_BITFIELD_STORAGE_BYTES_0004,3
CoreLang5_Block7_Interop_And_FFI (4),CL5_C7_FFI_DLOPEN_FLAGS_MASK_0004,3
CoreLang5_Block7_Interop_And_FFI (4),CL5_C7_CALLCONV_STACK_CLEANUP_SIDE_0004,3
CoreLang5_Block7_Interop_And_FFI (4),CL5_C7_NETWORK_HTONS16_0004,3
CoreLang5_Block7_Interop_And_FFI (4),CL5_C7_HRESULT_IS_FAILURE_BIT_0004,3
CoreLang5_Block7_Interop_And_FFI (4),CL5_C7_ENDIAN_SWAP32_0005,3
CoreLang5_Block7_Interop_And_FFI (4),CL5_C7_CALLCONV_CDECL_STACK_BYTES_0005,3
CoreLang5_Block7_Interop_And_FFI (4),CL5_C7_VARINT_ULEB128_SIZE_BYTES_0005,3
CoreLang5_Block7_Interop_And_FFI (4),CL5_C7_NETWORK_NTOHL32_0005,3
CoreLang5_Block7_Interop_And_FFI (4),CL5_C7_PROTOBUF_FIELD_TAG_VALUE_0005,3
CoreLang5_Block7_Interop_And_FFI (4),CL5_C7_ALIGN_ROUNDUP_TO_ALIGNMENT_0005,3
CoreLang5_Block7_Interop_And_FFI (4),CL5_C7_BITFIELD_STORAGE_BYTES_0005,3
CoreLang5_Block7_Interop_And_FFI (4),CL5_C7_FFI_DLOPEN_FLAGS_MASK_0005,3
CoreLang5_Block7_Interop_And_FFI (4),CL5_C7_CALLCONV_STACK_CLEANUP_SIDE_0005,3
CoreLang5_Block7_Interop_And_FFI (4),CL5_C7_NETWORK_HTONS16_0005,3
CoreLang5_Block7_Interop_And_FFI (4),CL5_C7_HRESULT_IS_FAILURE_BIT_0005,3
CoreLang5_Block7_Interop_And_FFI (4),CL5_C7_ENDIAN_SWAP32_0006,3
CoreLang5_Block7_Interop_And_FFI (4),CL5_C7_CALLCONV_CDECL_STACK_BYTES_0006,3
CoreLang5_Block7_Interop_And_FFI (4),CL5_C7_VARINT_ULEB128_SIZE_BYTES_0006,3
CoreLang5_Block7_Interop_And_FFI (4),CL5_C7_NETWORK_NTOHL32_0006,3
CoreLang5_Block7_Interop_And_FFI (4),CL5_C7_PROTOBUF_FIELD_TAG_VALUE_0006,3
CoreLang5_Block7_Interop_And_FFI (4),CL5_C7_ALIGN_ROUNDUP_TO_ALIGNMENT_0006,3
CoreLang5_Block7_Interop_And_FFI (4),CL5_C7_BITFIELD_STORAGE_BYTES_0006,3
CoreLang5_Block7_Interop_And_FFI (4),CL5_C7_FFI_DLOPEN_FLAGS_MASK_0006,3
CoreLang5_Block7_Interop_And_FFI (4),CL5_C7_CALLCONV_STACK_CLEANUP_SIDE_0006,3
CoreLang5_Block7_Interop_And_FFI (4),CL5_C7_NETWORK_HTONS16_0006,3
CoreLang5_Block7_Interop_And_FFI (4),CL5_C7_HRESULT_IS_FAILURE_BIT_0006,3
CoreLang5_Block7_Interop_And_FFI (4),CL5_C7_ENDIAN_SWAP32_0007,3
CoreLang5_Block7_Interop_And_FFI (4),CL5_C7_CALLCONV_CDECL_STACK_BYTES_0007,3
CoreLang5_Block7_Interop_And_FFI (4),CL5_C7_VARINT_ULEB128_SIZE_BYTES_0007,3
CoreLang5_Block7_Interop_And_FFI (4),CL5_C7_NETWORK_NTOHL32_0007,3
CoreLang5_Block7_Interop_And_FFI (4),CL5_C7_PROTOBUF_FIELD_TAG_VALUE_0007,3
CoreLang5_Block7_Interop_And_FFI (4),CL5_C7_ALIGN_ROUNDUP_TO_ALIGNMENT_0007,3
CoreLang5_Block7_Interop_And_FFI (4),CL5_C7_BITFIELD_STORAGE_BYTES_0007,3
CoreLang5_Block7_Interop_And_FFI (4),CL5_C7_FFI_DLOPEN_FLAGS_MASK_0007,3
CoreLang5_Block7_Interop_And_FFI (4),CL5_C7_CALLCONV_STACK_CLEANUP_SIDE_0007,3
CoreLang5_Block7_Interop_And_FFI (4),CL5_C7_NETWORK_HTONS16_0007,3
CoreLang5_Block7_Interop_And_FFI (4),CL5_C7_HRESULT_IS_FAILURE_BIT_0007,3
CoreLang5_Block7_Interop_And_FFI (4),CL5_C7_ENDIAN_SWAP32_0008,3
CoreLang5_Block7_Interop_And_FFI (4),CL5_C7_CALLCONV_CDECL_STACK_BYTES_0008,3
CoreLang5_Block7_Interop_And_FFI (4),CL5_C7_VARINT_ULEB128_SIZE_BYTES_0008,3
CoreLang5_Block7_Interop_And_FFI (4),CL5_C7_NETWORK_NTOHL32_0008,3
CoreLang5_Block7_Interop_And_FFI (4),CL5_C7_PROTOBUF_FIELD_TAG_VALUE_0008,3
CoreLang5_Block7_Interop_And_FFI (4),CL5_C7_ALIGN_ROUNDUP_TO_ALIGNMENT_0008,3
CoreLang5_Block7_Interop_And_FFI (4),CL5_C7_BITFIELD_STORAGE_BYTES_0008,3
CoreLang5_Block7_Interop_And_FFI (4),CL5_C7_FFI_DLOPEN_FLAGS_MASK_0008,3
CoreLang5_Block7_Interop_And_FFI (4),CL5_C7_CALLCONV_STACK_CLEANUP_SIDE_0008,3
CoreLang5_Block7_Interop_And_FFI (4),CL5_C7_NETWORK_HTONS16_0008,3
CoreLang5_Block7_Interop_And_FFI (4),CL5_C7_HRESULT_IS_FAILURE_BIT_0008,3
CoreLang5_Block7_Interop_And_FFI (4),CL5_C7_ENDIAN_SWAP32_0009,3
CoreLang5_Block7_Interop_And_FFI (4),CL5_C7_CALLCONV_CDECL_STACK_BYTES_0009,3
CoreLang5_Block7_Interop_And_FFI (4),CL5_C7_VARINT_ULEB128_SIZE_BYTES_0009,3
CoreLang5_Block7_Interop_And_FFI (4),CL5_C7_NETWORK_NTOHL32_0009,3
CoreLang5_Block7_Interop_And_FFI (4),CL5_C7_PROTOBUF_FIELD_TAG_VALUE_0009,3
CoreLang5_Block7_Interop_And_FFI (4),CL5_C7_ALIGN_ROUNDUP_TO_ALIGNMENT_0009,3
CoreLang5_Block7_Interop_And_FFI (4),CL5_C7_BITFIELD_STORAGE_BYTES_0009,3
CoreLang5_Block7_Interop_And_FFI (4),CL5_C7_FFI_DLOPEN_FLAGS_MASK_0009,3
CoreLang5_Block7_Interop_And_FFI (4),CL5_C7_CALLCONV_STACK_CLEANUP_SIDE_0009,3
CoreLang5_Block7_Interop_And_FFI (4),CL5_C7_NETWORK_HTONS16_0009,3
CoreLang5_Block7_Interop_And_FFI (4),CL5_C7_HRESULT_IS_FAILURE_BIT_0009,3
CoreLang5_Block7_Interop_And_FFI (4),CL5_C7_ENDIAN_SWAP32_0010,3
CoreLang5_Block7_Interop_And_FFI (4),CL5_C7_CALLCONV_CDECL_STACK_BYTES_0010,3
CoreLang5_Block7_Interop_And_FFI (4),CL5_C7_VARINT_ULEB128_SIZE_BYTES_0010,3
CoreLang5_Block7_Interop_And_FFI (4),CL5_C7_NETWORK_NTOHL32_0010,3
CoreLang5_Block7_Interop_And_FFI (4),CL5_C7_PROTOBUF_FIELD_TAG_VALUE_0010,3
CoreLang5_Block7_Interop_And_FFI (4),CL5_C7_ALIGN_ROUNDUP_TO_ALIGNMENT_0010,3
CoreLang5_Block7_Interop_And_FFI (4),CL5_C7_BITFIELD_STORAGE_BYTES_0010,3
CoreLang5_Block7_Interop_And_FFI (4),CL5_C7_FFI_DLOPEN_FLAGS_MASK_0010,3
CoreLang5_Block7_Interop_And_FFI (4),CL5_C7_CALLCONV_STACK_CLEANUP_SIDE_0010,3
CoreLang5_Block7_Interop_And_FFI (4),CL5_C7_NETWORK_HTONS16_0010,3
CoreLang5_Block7_Interop_And_FFI (4),CL5_C7_HRESULT_IS_FAILURE_BIT_0010,3
CoreLang5_Block7_Interop_And_FFI (4),CL5_C7_ENDIAN_SWAP32_0011,3
CoreLang5_Block7_Interop_And_FFI (4),CL5_C7_CALLCONV_CDECL_STACK_BYTES_0011,3
CoreLang5_Block7_Interop_And_FFI (4),CL5_C7_VARINT_ULEB128_SIZE_BYTES_0011,3
CoreLang5_Block7_Interop_And_FFI (4),CL5_C7_NETWORK_NTOHL32_0011,3
CoreLang5_Block7_Interop_And_FFI (4),CL5_C7_PROTOBUF_FIELD_TAG_VALUE_0011,3
CoreLang5_Block7_Interop_And_FFI (4),CL5_C7_ALIGN_ROUNDUP_TO_ALIGNMENT_0011,3
CoreLang5_Block7_Interop_And_FFI (4),CL5_C7_BITFIELD_STORAGE_BYTES_0011,3
CoreLang5_Block7_Interop_And_FFI (4),CL5_C7_FFI_DLOPEN_FLAGS_MASK_0011,3
CoreLang5_Block7_Interop_And_FFI (4),CL5_C7_CALLCONV_STACK_CLEANUP_SIDE_0011,3
CoreLang5_Block7_Interop_And_FFI (4),CL5_C7_NETWORK_HTONS16_0011,3
CoreLang5_Block7_Interop_And_FFI (4),CL5_C7_HRESULT_IS_FAILURE_BIT_0011,3
CoreLang5_Block7_Interop_And_FFI (4),CL5_C7_ENDIAN_SWAP32_0012,3
CoreLang5_Block7_Interop_And_FFI (4),CL5_C7_CALLCONV_CDECL_STACK_BYTES_0012,3
CoreLang5_Block7_Interop_And_FFI (4),CL5_C7_VARINT_ULEB128_SIZE_BYTES_0012,3
CoreLang5_Block7_Interop_And_FFI (4),CL5_C7_NETWORK_NTOHL32_0012,3
CoreLang5_Block7_Interop_And_FFI (4),CL5_C7_PROTOBUF_FIELD_TAG_VALUE_0012,3
CoreLang5_Block7_Interop_And_FFI (4),CL5_C7_ALIGN_ROUNDUP_TO_ALIGNMENT_0012,3
CoreLang5_Block7_Interop_And_FFI (4),CL5_C7_BITFIELD_STORAGE_BYTES_0012,3
CoreLang5_Block7_Interop_And_FFI (4),CL5_C7_FFI_DLOPEN_FLAGS_MASK_0012,3
CoreLang5_Block7_Interop_And_FFI (4),CL5_C7_CALLCONV_STACK_CLEANUP_SIDE_0012,3
CoreLang5_Block7_Interop_And_FFI (4),CL5_C7_NETWORK_HTONS16_0012,3
CoreLang5_Block7_Interop_And_FFI (4),CL5_C7_HRESULT_IS_FAILURE_BIT_0012,3
CoreLang5_Block7_Interop_And_FFI (4),CL5_C7_ENDIAN_SWAP32_0013,3
CoreLang5_Block7_Interop_And_FFI (4),CL5_C7_CALLCONV_CDECL_STACK_BYTES_0013,3
CoreLang5_Block7_Interop_And_FFI (4),CL5_C7_VARINT_ULEB128_SIZE_BYTES_0013,3
CoreLang5_Block7_Interop_And_FFI (4),CL5_C7_NETWORK_NTOHL32_0013,3
CoreLang5_Block7_Interop_And_FFI (4),CL5_C7_PROTOBUF_FIELD_TAG_VALUE_0013,3
CoreLang5_Block7_Interop_And_FFI (4),CL5_C7_ALIGN_ROUNDUP_TO_ALIGNMENT_0013,3
CoreLang5_Block7_Interop_And_FFI (4),CL5_C7_BITFIELD_STORAGE_BYTES_0013,3
CoreLang5_Block7_Interop_And_FFI (4),CL5_C7_FFI_DLOPEN_FLAGS_MASK_0013,3
CoreLang5_Block7_Interop_And_FFI (4),CL5_C7_CALLCONV_STACK_CLEANUP_SIDE_0013,3
CoreLang5_Block7_Interop_And_FFI (4),CL5_C7_NETWORK_HTONS16_0013,3
CoreLang5_Block7_Interop_And_FFI (4),CL5_C7_HRESULT_IS_FAILURE_BIT_0013,3
CoreLang5_Block7_Interop_And_FFI (4),CL5_C7_ENDIAN_SWAP32_0014,3
CoreLang5_Block7_Interop_And_FFI (4),CL5_C7_CALLCONV_CDECL_STACK_BYTES_0014,3
CoreLang5_Block7_Interop_And_FFI (4),CL5_C7_VARINT_ULEB128_SIZE_BYTES_0014,3
CoreLang5_Block7_Interop_And_FFI (4),CL5_C7_NETWORK_NTOHL32_0014,3
CoreLang5_Block7_Interop_And_FFI (4),CL5_C7_PROTOBUF_FIELD_TAG_VALUE_0014,3
CoreLang5_Block7_Interop_And_FFI (4),CL5_C7_ALIGN_ROUNDUP_TO_ALIGNMENT_0014,3
CoreLang5_Block6_Concurrency_And_Async (5),TIMER_WHEEL,125
CoreLang5_Block6_Concurrency_And_Async (5),FLOW_CONTROL,125
CoreLang5_Block6_Concurrency_And_Async (5),CL5_C6_MUTEX_PASSES_THROUGH_CS_0001,3
CoreLang5_Block6_Concurrency_And_Async (5),CL5_C6_SEMAPHORE_SUCCESSFUL_ACQUIRES_0001,3
CoreLang5_Block6_Concurrency_And_Async (5),CL5_C6_BARRIER_TRIPS_COUNT_0001,3
CoreLang5_Block6_Concurrency_And_Async (5),CL5_C6_RWLOCK_PROCESSED_UNITS_WINDOW_0001,3
CoreLang5_Block6_Concurrency_And_Async (5),CL5_C6_QUEUE_PROCESSED_BLOCKING_BOUNDED_0001,3
CoreLang5_Block6_Concurrency_And_Async (5),CL5_C6_THREADPOOL_MAKESPAN_UPPERBOUND_0001,3
CoreLang5_Block6_Concurrency_And_Async (5),CL5_C6_ASYNC_TIMEOUT_CANCELS_OP_0001,3
CoreLang5_Block6_Concurrency_And_Async (5),CL5_C6_CONDVAR_WAKE_COUNT_0001,3
CoreLang5_Block6_Concurrency_And_Async (5),CL5_C6_ATOMIC_FETCH_ADD_TOTAL_0001,3
CoreLang5_Block6_Concurrency_And_Async (5),CL5_C6_BARRIER_GENERATIONS_COMPLETED_0001,3
CoreLang5_Block6_Concurrency_And_Async (5),CL5_C6_ASYNC_QUEUE_LATENCY_SLOTS_0001,3
CoreLang5_Block6_Concurrency_And_Async (5),CL5_C6_MUTEX_PASSES_THROUGH_CS_0002,3
CoreLang5_Block6_Concurrency_And_Async (5),CL5_C6_SEMAPHORE_SUCCESSFUL_ACQUIRES_0002,3
CoreLang5_Block6_Concurrency_And_Async (5),CL5_C6_BARRIER_TRIPS_COUNT_0002,3
CoreLang5_Block6_Concurrency_And_Async (5),CL5_C6_RWLOCK_PROCESSED_UNITS_WINDOW_0002,3
CoreLang5_Block6_Concurrency_And_Async (5),CL5_C6_QUEUE_PROCESSED_BLOCKING_BOUNDED_0002,3
CoreLang5_Block6_Concurrency_And_Async (5),CL5_C6_THREADPOOL_MAKESPAN_UPPERBOUND_0002,3
CoreLang5_Block6_Concurrency_And_Async (5),CL5_C6_ASYNC_TIMEOUT_CANCELS_OP_0002,3
CoreLang5_Block6_Concurrency_And_Async (5),CL5_C6_CONDVAR_WAKE_COUNT_0002,3
CoreLang5_Block6_Concurrency_And_Async (5),CL5_C6_ATOMIC_FETCH_ADD_TOTAL_0002,3
CoreLang5_Block6_Concurrency_And_Async (5),CL5_C6_BARRIER_GENERATIONS_COMPLETED_0002,3
CoreLang5_Block6_Concurrency_And_Async (5),CL5_C6_ASYNC_QUEUE_LATENCY_SLOTS_0002,3
CoreLang5_Block6_Concurrency_And_Async (5),CL5_C6_MUTEX_PASSES_THROUGH_CS_0003,3
CoreLang5_Block6_Concurrency_And_Async (5),CL5_C6_SEMAPHORE_SUCCESSFUL_ACQUIRES_0003,3
CoreLang5_Block6_Concurrency_And_Async (5),CL5_C6_BARRIER_TRIPS_COUNT_0003,3
CoreLang5_Block6_Concurrency_And_Async (5),CL5_C6_RWLOCK_PROCESSED_UNITS_WINDOW_0003,3
CoreLang5_Block6_Concurrency_And_Async (5),CL5_C6_QUEUE_PROCESSED_BLOCKING_BOUNDED_0003,3
CoreLang5_Block6_Concurrency_And_Async (5),CL5_C6_THREADPOOL_MAKESPAN_UPPERBOUND_0003,3
CoreLang5_Block6_Concurrency_And_Async (5),CL5_C6_ASYNC_TIMEOUT_CANCELS_OP_0003,3
CoreLang5_Block6_Concurrency_And_Async (5),CL5_C6_CONDVAR_WAKE_COUNT_0003,3
CoreLang5_Block6_Concurrency_And_Async (5),CL5_C6_ATOMIC_FETCH_ADD_TOTAL_0003,3
CoreLang5_Block6_Concurrency_And_Async (5),CL5_C6_BARRIER_GENERATIONS_COMPLETED_0003,3
CoreLang5_Block6_Concurrency_And_Async (5),CL5_C6_ASYNC_QUEUE_LATENCY_SLOTS_0003,3
CoreLang5_Block6_Concurrency_And_Async (5),CL5_C6_MUTEX_PASSES_THROUGH_CS_0004,3
CoreLang5_Block6_Concurrency_And_Async (5),CL5_C6_SEMAPHORE_SUCCESSFUL_ACQUIRES_0004,3
CoreLang5_Block6_Concurrency_And_Async (5),CL5_C6_BARRIER_TRIPS_COUNT_0004,3
CoreLang5_Block6_Concurrency_And_Async (5),CL5_C6_RWLOCK_PROCESSED_UNITS_WINDOW_0004,3
CoreLang5_Block6_Concurrency_And_Async (5),CL5_C6_QUEUE_PROCESSED_BLOCKING_BOUNDED_0004,3
CoreLang5_Block6_Concurrency_And_Async (5),CL5_C6_THREADPOOL_MAKESPAN_UPPERBOUND_0004,3
CoreLang5_Block6_Concurrency_And_Async (5),CL5_C6_ASYNC_TIMEOUT_CANCELS_OP_0004,3
CoreLang5_Block6_Concurrency_And_Async (5),CL5_C6_CONDVAR_WAKE_COUNT_0004,3
CoreLang5_Block6_Concurrency_And_Async (5),CL5_C6_ATOMIC_FETCH_ADD_TOTAL_0004,3
CoreLang5_Block6_Concurrency_And_Async (5),CL5_C6_BARRIER_GENERATIONS_COMPLETED_0004,3
CoreLang5_Block6_Concurrency_And_Async (5),CL5_C6_ASYNC_QUEUE_LATENCY_SLOTS_0004,3
CoreLang5_Block6_Concurrency_And_Async (5),CL5_C6_MUTEX_PASSES_THROUGH_CS_0005,3
CoreLang5_Block6_Concurrency_And_Async (5),CL5_C6_SEMAPHORE_SUCCESSFUL_ACQUIRES_0005,3
CoreLang5_Block6_Concurrency_And_Async (5),CL5_C6_BARRIER_TRIPS_COUNT_0005,3
CoreLang5_Block6_Concurrency_And_Async (5),CL5_C6_RWLOCK_PROCESSED_UNITS_WINDOW_0005,3
CoreLang5_Block6_Concurrency_And_Async (5),CL5_C6_QUEUE_PROCESSED_BLOCKING_BOUNDED_0005,3
CoreLang5_Block6_Concurrency_And_Async (5),CL5_C6_THREADPOOL_MAKESPAN_UPPERBOUND_0005,3
CoreLang5_Block6_Concurrency_And_Async (5),CL5_C6_ASYNC_TIMEOUT_CANCELS_OP_0005,3
CoreLang5_Block6_Concurrency_And_Async (5),CL5_C6_CONDVAR_WAKE_COUNT_0005,3
CoreLang5_Block6_Concurrency_And_Async (5),CL5_C6_ATOMIC_FETCH_ADD_TOTAL_0005,3
CoreLang5_Block6_Concurrency_And_Async (5),CL5_C6_BARRIER_GENERATIONS_COMPLETED_0005,3
CoreLang5_Block6_Concurrency_And_Async (5),CL5_C6_ASYNC_QUEUE_LATENCY_SLOTS_0005,3
CoreLang5_Block6_Concurrency_And_Async (5),CL5_C6_MUTEX_PASSES_THROUGH_CS_0006,3
CoreLang5_Block6_Concurrency_And_Async (5),CL5_C6_SEMAPHORE_SUCCESSFUL_ACQUIRES_0006,3
CoreLang5_Block6_Concurrency_And_Async (5),CL5_C6_BARRIER_TRIPS_COUNT_0006,3
CoreLang5_Block6_Concurrency_And_Async (5),CL5_C6_RWLOCK_PROCESSED_UNITS_WINDOW_0006,3
CoreLang5_Block6_Concurrency_And_Async (5),CL5_C6_QUEUE_PROCESSED_BLOCKING_BOUNDED_0006,3
CoreLang5_Block6_Concurrency_And_Async (5),CL5_C6_THREADPOOL_MAKESPAN_UPPERBOUND_0006,3
CoreLang5_Block6_Concurrency_And_Async (5),CL5_C6_ASYNC_TIMEOUT_CANCELS_OP_0006,3
CoreLang5_Block6_Concurrency_And_Async (5),CL5_C6_CONDVAR_WAKE_COUNT_0006,3
CoreLang5_Block6_Concurrency_And_Async (5),CL5_C6_ATOMIC_FETCH_ADD_TOTAL_0006,3
CoreLang5_Block6_Concurrency_And_Async (5),CL5_C6_BARRIER_GENERATIONS_COMPLETED_0006,3
CoreLang5_Block6_Concurrency_And_Async (5),CL5_C6_ASYNC_QUEUE_LATENCY_SLOTS_0006,3
CoreLang5_Block6_Concurrency_And_Async (5),CL5_C6_MUTEX_PASSES_THROUGH_CS_0007,3
CoreLang5_Block6_Concurrency_And_Async (5),CL5_C6_SEMAPHORE_SUCCESSFUL_ACQUIRES_0007,3
CoreLang5_Block6_Concurrency_And_Async (5),CL5_C6_BARRIER_TRIPS_COUNT_0007,3
CoreLang5_Block6_Concurrency_And_Async (5),CL5_C6_RWLOCK_PROCESSED_UNITS_WINDOW_0007,3
CoreLang5_Block6_Concurrency_And_Async (5),CL5_C6_QUEUE_PROCESSED_BLOCKING_BOUNDED_0007,3
CoreLang5_Block6_Concurrency_And_Async (5),CL5_C6_THREADPOOL_MAKESPAN_UPPERBOUND_0007,3
CoreLang5_Block6_Concurrency_And_Async (5),CL5_C6_ASYNC_TIMEOUT_CANCELS_OP_0007,3
CoreLang5_Block6_Concurrency_And_Async (5),CL5_C6_CONDVAR_WAKE_COUNT_0007,3
CoreLang5_Block6_Concurrency_And_Async (5),CL5_C6_ATOMIC_FETCH_ADD_TOTAL_0007,3
CoreLang5_Block6_Concurrency_And_Async (5),CL5_C6_BARRIER_GENERATIONS_COMPLETED_0007,3
CoreLang5_Block6_Concurrency_And_Async (5),CL5_C6_ASYNC_QUEUE_LATENCY_SLOTS_0007,3
CoreLang5_Block6_Concurrency_And_Async (5),CL5_C6_MUTEX_PASSES_THROUGH_CS_0008,3
CoreLang5_Block6_Concurrency_And_Async (5),CL5_C6_SEMAPHORE_SUCCESSFUL_ACQUIRES_0008,3
CoreLang5_Block6_Concurrency_And_Async (5),CL5_C6_BARRIER_TRIPS_COUNT_0008,3
CoreLang5_Block6_Concurrency_And_Async (5),CL5_C6_RWLOCK_PROCESSED_UNITS_WINDOW_0008,3
CoreLang5_Block6_Concurrency_And_Async (5),CL5_C6_QUEUE_PROCESSED_BLOCKING_BOUNDED_0008,3
CoreLang5_Block6_Concurrency_And_Async (5),CL5_C6_THREADPOOL_MAKESPAN_UPPERBOUND_0008,3
CoreLang5_Block6_Concurrency_And_Async (5),CL5_C6_ASYNC_TIMEOUT_CANCELS_OP_0008,3
CoreLang5_Block6_Concurrency_And_Async (5),CL5_C6_CONDVAR_WAKE_COUNT_0008,3
CoreLang5_Block6_Concurrency_And_Async (5),CL5_C6_ATOMIC_FETCH_ADD_TOTAL_0008,3
CoreLang5_Block6_Concurrency_And_Async (5),CL5_C6_BARRIER_GENERATIONS_COMPLETED_0008,3
CoreLang5_Block6_Concurrency_And_Async (5),CL5_C6_ASYNC_QUEUE_LATENCY_SLOTS_0008,3
CoreLang5_Block6_Concurrency_And_Async (5),CL5_C6_MUTEX_PASSES_THROUGH_CS_0009,3
CoreLang5_Block6_Concurrency_And_Async (5),CL5_C6_SEMAPHORE_SUCCESSFUL_ACQUIRES_0009,3
CoreLang5_Block6_Concurrency_And_Async (5),CL5_C6_BARRIER_TRIPS_COUNT_0009,3
CoreLang5_Block6_Concurrency_And_Async (5),CL5_C6_RWLOCK_PROCESSED_UNITS_WINDOW_0009,3
CoreLang5_Block6_Concurrency_And_Async (5),CL5_C6_QUEUE_PROCESSED_BLOCKING_BOUNDED_0009,3
CoreLang5_Block6_Concurrency_And_Async (5),CL5_C6_THREADPOOL_MAKESPAN_UPPERBOUND_0009,3
CoreLang5_Block6_Concurrency_And_Async (5),CL5_C6_ASYNC_TIMEOUT_CANCELS_OP_0009,3
CoreLang5_Block6_Concurrency_And_Async (5),CL5_C6_CONDVAR_WAKE_COUNT_0009,3
CoreLang5_Block6_Concurrency_And_Async (5),CL5_C6_ATOMIC_FETCH_ADD_TOTAL_0009,3
CoreLang5_Block6_Concurrency_And_Async (5),CL5_C6_BARRIER_GENERATIONS_COMPLETED_0009,3
CoreLang5_Block6_Concurrency_And_Async (5),CL5_C6_ASYNC_QUEUE_LATENCY_SLOTS_0009,3
CoreLang5_Block6_Concurrency_And_Async (5),CL5_C6_MUTEX_PASSES_THROUGH_CS_0010,3
CoreLang5_Block6_Concurrency_And_Async (5),CL5_C6_SEMAPHORE_SUCCESSFUL_ACQUIRES_0010,3
CoreLang5_Block6_Concurrency_And_Async (5),CL5_C6_BARRIER_TRIPS_COUNT_0010,3
CoreLang5_Block6_Concurrency_And_Async (5),CL5_C6_RWLOCK_PROCESSED_UNITS_WINDOW_0010,3
CoreLang5_Block6_Concurrency_And_Async (5),CL5_C6_QUEUE_PROCESSED_BLOCKING_BOUNDED_0010,3
CoreLang5_Block6_Concurrency_And_Async (5),CL5_C6_THREADPOOL_MAKESPAN_UPPERBOUND_0010,3
CoreLang5_Block6_Concurrency_And_Async (5),CL5_C6_ASYNC_TIMEOUT_CANCELS_OP_0010,3
CoreLang5_Block6_Concurrency_And_Async (5),CL5_C6_CONDVAR_WAKE_COUNT_0010,3
CoreLang5_Block6_Concurrency_And_Async (5),CL5_C6_ATOMIC_FETCH_ADD_TOTAL_0010,3
CoreLang5_Block6_Concurrency_And_Async (5),CL5_C6_BARRIER_GENERATIONS_COMPLETED_0010,3
CoreLang5_Block6_Concurrency_And_Async (5),CL5_C6_ASYNC_QUEUE_LATENCY_SLOTS_0010,3
CoreLang5_Block6_Concurrency_And_Async (5),CL5_C6_MUTEX_PASSES_THROUGH_CS_0011,3
CoreLang5_Block6_Concurrency_And_Async (5),CL5_C6_SEMAPHORE_SUCCESSFUL_ACQUIRES_0011,3
CoreLang5_Block6_Concurrency_And_Async (5),CL5_C6_BARRIER_TRIPS_COUNT_0011,3
CoreLang5_Block6_Concurrency_And_Async (5),CL5_C6_RWLOCK_PROCESSED_UNITS_WINDOW_0011,3
CoreLang5_Block6_Concurrency_And_Async (5),CL5_C6_QUEUE_PROCESSED_BLOCKING_BOUNDED_0011,3
CoreLang5_Block6_Concurrency_And_Async (5),CL5_C6_THREADPOOL_MAKESPAN_UPPERBOUND_0011,3
CoreLang5_Block6_Concurrency_And_Async (5),CL5_C6_ASYNC_TIMEOUT_CANCELS_OP_0011,3
CoreLang5_Block6_Concurrency_And_Async (5),CL5_C6_CONDVAR_WAKE_COUNT_0011,3
CoreLang5_Block6_Concurrency_And_Async (5),CL5_C6_ATOMIC_FETCH_ADD_TOTAL_0011,3
CoreLang5_Block6_Concurrency_And_Async (5),CL5_C6_BARRIER_GENERATIONS_COMPLETED_0011,3
CoreLang5_Block6_Concurrency_And_Async (5),CL5_C6_ASYNC_QUEUE_LATENCY_SLOTS_0011,3
CoreLang5_Block6_Concurrency_And_Async (5),CL5_C6_MUTEX_PASSES_THROUGH_CS_0012,3
CoreLang5_Block6_Concurrency_And_Async (5),CL5_C6_SEMAPHORE_SUCCESSFUL_ACQUIRES_0012,3
CoreLang5_Block6_Concurrency_And_Async (5),CL5_C6_BARRIER_TRIPS_COUNT_0012,3
CoreLang5_Block6_Concurrency_And_Async (5),CL5_C6_RWLOCK_PROCESSED_UNITS_WINDOW_0012,3
CoreLang5_Block6_Concurrency_And_Async (5),CL5_C6_QUEUE_PROCESSED_BLOCKING_BOUNDED_0012,3
CoreLang5_Block6_Concurrency_And_Async (5),CL5_C6_THREADPOOL_MAKESPAN_UPPERBOUND_0012,3
CoreLang5_Block6_Concurrency_And_Async (5),CL5_C6_ASYNC_TIMEOUT_CANCELS_OP_0012,3
CoreLang5_Block6_Concurrency_And_Async (5),CL5_C6_CONDVAR_WAKE_COUNT_0012,3
CoreLang5_Block6_Concurrency_And_Async (5),CL5_C6_ATOMIC_FETCH_ADD_TOTAL_0012,3
CoreLang5_Block6_Concurrency_And_Async (5),CL5_C6_BARRIER_GENERATIONS_COMPLETED_0012,3
CoreLang5_Block6_Concurrency_And_Async (5),CL5_C6_ASYNC_QUEUE_LATENCY_SLOTS_0012,3
CoreLang5_Block6_Concurrency_And_Async (5),CL5_C6_MUTEX_PASSES_THROUGH_CS_0013,3
CoreLang5_Block6_Concurrency_And_Async (5),CL5_C6_SEMAPHORE_SUCCESSFUL_ACQUIRES_0013,3
CoreLang5_Block6_Concurrency_And_Async (5),CL5_C6_BARRIER_TRIPS_COUNT_0013,3
CoreLang5_Block6_Concurrency_And_Async (5),CL5_C6_RWLOCK_PROCESSED_UNITS_WINDOW_0013,3
CoreLang5_Block6_Concurrency_And_Async (5),CL5_C6_QUEUE_PROCESSED_BLOCKING_BOUNDED_0013,3
CoreLang5_Block6_Concurrency_And_Async (5),CL5_C6_THREADPOOL_MAKESPAN_UPPERBOUND_0013,3
CoreLang5_Block6_Concurrency_And_Async (5),CL5_C6_ASYNC_TIMEOUT_CANCELS_OP_0013,3
CoreLang5_Block6_Concurrency_And_Async (5),CL5_C6_CONDVAR_WAKE_COUNT_0013,3
CoreLang5_Block6_Concurrency_And_Async (5),CL5_C6_ATOMIC_FETCH_ADD_TOTAL_0013,3
CoreLang5_Block6_Concurrency_And_Async (5),CL5_C6_BARRIER_GENERATIONS_COMPLETED_0013,3
CoreLang5_Block6_Concurrency_And_Async (5),CL5_C6_ASYNC_QUEUE_LATENCY_SLOTS_0013,3
CoreLang5_Block6_Concurrency_And_Async (5),CL5_C6_MUTEX_PASSES_THROUGH_CS_0014,3
CoreLang5_Block6_Concurrency_And_Async (5),CL5_C6_SEMAPHORE_SUCCESSFUL_ACQUIRES_0014,3
CoreLang5_Block6_Concurrency_And_Async (5),CL5_C6_BARRIER_TRIPS_COUNT_0014,3
CoreLang5_Block6_Concurrency_And_Async (5),CL5_C6_RWLOCK_PROCESSED_UNITS_WINDOW_0014,3
CoreLang5_Block6_Concurrency_And_Async (5),CL5_C6_QUEUE_PROCESSED_BLOCKING_BOUNDED_0014,3
CoreLang5_Block5_IO_And_Serialization (8),VARINT_U,235
CoreLang5_Block5_IO_And_Serialization (8),CL5_JSON_ESTRAZIONE_1_USER_NAME_0001,3
CoreLang5_Block5_IO_And_Serialization (8),CL5_JSON_ESTRAZIONE_3_LENARR_0001,3
CoreLang5_Block5_IO_And_Serialization (8),CL5_JSON_ESTRAZIONE_4_TYPESPIOK_0001,3
CoreLang5_Block5_IO_And_Serialization (8),CL5_JSON_ESTRAZIONE_5_XY_0001,3
CoreLang5_Block5_IO_And_Serialization (8),CL5_JSON_ESTRAZIONE_6_USER_NAME_0001,3
CoreLang5_Block5_IO_And_Serialization (8),CL5_JSON_ESTRAZIONE_8_LENARR_0001,3
CoreLang5_Block5_IO_And_Serialization (8),CL5_JSON_ESTRAZIONE_9_TYPESPIOK_0001,3
CoreLang5_Block5_IO_And_Serialization (8),CL5_JSON_ESTRAZIONE_10_XY_0001,3
CoreLang5_Block5_IO_And_Serialization (8),CL5_JSON_ESTRAZIONE_11_USER_NAME_0001,3
CoreLang5_Block5_IO_And_Serialization (8),CL5_JSON_ESTRAZIONE_13_LENARR_0001,3
CoreLang5_Block5_IO_And_Serialization (8),CL5_JSON_ESTRAZIONE_14_TYPESPIOK_0001,3
CoreLang5_Block5_IO_And_Serialization (8),CL5_JSON_ESTRAZIONE_15_XY_0001,3
CoreLang5_Block5_IO_And_Serialization (8),CL5_JSON_ESTRAZIONE_16_USER_NAME_0001,3
CoreLang5_Block5_IO_And_Serialization (8),CL5_JSON_ESTRAZIONE_18_LENARR_0001,3
CoreLang5_Block5_IO_And_Serialization (8),CL5_JSON_ESTRAZIONE_19_TYPESPIOK_0001,3
CoreLang5_Block5_IO_And_Serialization (8),CL5_JSON_ESTRAZIONE_20_XY_0001,3
CoreLang5_Block5_IO_And_Serialization (8),CL5_CSV_SOMMA_VALORE_ORDINE_1_0001,3
CoreLang5_Block5_IO_And_Serialization (8),CL5_CSV_SOMMA_VALORE_ORDINE_2_0001,3
CoreLang5_Block5_IO_And_Serialization (8),CL5_CSV_SOMMA_VALORE_ORDINE_3_0001,3
CoreLang5_Block5_IO_And_Serialization (8),CL5_CSV_SOMMA_VALORE_ORDINE_4_0001,3
CoreLang5_Block5_IO_And_Serialization (8),CL5_CSV_SOMMA_VALORE_ORDINE_5_0001,3
CoreLang5_Block5_IO_And_Serialization (8),CL5_CSV_SOMMA_VALORE_ORDINE_6_0001,3
CoreLang5_Block5_IO_And_Serialization (8),CL5_CSV_SOMMA_VALORE_ORDINE_7_0001,3
CoreLang5_Block5_IO_And_Serialization (8),CL5_CSV_SOMMA_VALORE_ORDINE_8_0001,3
CoreLang5_Block5_IO_And_Serialization (8),CL5_CSV_SOMMA_VALORE_ORDINE_9_0001,3
CoreLang5_Block5_IO_And_Serialization (8),CL5_CSV_SOMMA_VALORE_ORDINE_10_0001,3
CoreLang5_Block5_IO_And_Serialization (8),CL5_CSV_SOMMA_VALORE_ORDINE_11_0001,3
CoreLang5_Block5_IO_And_Serialization (8),CL5_CSV_SOMMA_VALORE_ORDINE_12_0001,3
CoreLang5_Block5_IO_And_Serialization (8),CL5_CSV_SOMMA_VALORE_ORDINE_13_0001,3
CoreLang5_Block5_IO_And_Serialization (8),CL5_CSV_SOMMA_VALORE_ORDINE_14_0001,3
CoreLang5_Block5_IO_And_Serialization (8),CL5_CSV_SOMMA_VALORE_ORDINE_15_0001,3
CoreLang5_Block5_IO_And_Serialization (8),CL5_CSV_SOMMA_VALORE_ORDINE_16_0001,3
CoreLang5_Block5_IO_And_Serialization (8),CL5_CSV_SOMMA_VALORE_ORDINE_17_0001,3
CoreLang5_Block5_IO_And_Serialization (8),CL5_CSV_SOMMA_VALORE_ORDINE_18_0001,3
CoreLang5_Block5_IO_And_Serialization (8),CL5_CSV_SOMMA_VALORE_ORDINE_19_0001,3
CoreLang5_Block5_IO_And_Serialization (8),CL5_CSV_SOMMA_VALORE_ORDINE_20_0001,3
CoreLang5_Block5_IO_And_Serialization (8),CL5_BIN_ENDIANNESS_1_0001,3
CoreLang5_Block5_IO_And_Serialization (8),CL5_BIN_ENDIANNESS_2_0001,3
CoreLang5_Block5_IO_And_Serialization (8),CL5_BIN_ENDIANNESS_3_0001,3
CoreLang5_Block5_IO_And_Serialization (8),CL5_BIN_ENDIANNESS_4_0001,3
CoreLang5_Block5_IO_And_Serialization (8),CL5_BIN_ENDIANNESS_5_0001,3
CoreLang5_Block5_IO_And_Serialization (8),CL5_BIN_ENDIANNESS_6_0001,3
CoreLang5_Block5_IO_And_Serialization (8),CL5_BIN_ENDIANNESS_7_0001,3
CoreLang5_Block5_IO_And_Serialization (8),CL5_BIN_ENDIANNESS_8_0001,3
CoreLang5_Block5_IO_And_Serialization (8),CL5_BIN_ENDIANNESS_9_0001,3
CoreLang5_Block5_IO_And_Serialization (8),CL5_BIN_ENDIANNESS_10_0001,3
CoreLang5_Block5_IO_And_Serialization (8),CL5_BIN_ENDIANNESS_11_0001,3
CoreLang5_Block5_IO_And_Serialization (8),CL5_BIN_ENDIANNESS_12_0001,3
CoreLang5_Block5_IO_And_Serialization (8),CL5_BIN_ENDIANNESS_13_0001,3
CoreLang5_Block5_IO_And_Serialization (8),CL5_BIN_ENDIANNESS_14_0001,3
CoreLang5_Block5_IO_And_Serialization (8),CL5_BIN_ENDIANNESS_15_0001,3
CoreLang5_Block5_IO_And_Serialization (8),CL5_BIN_ENDIANNESS_16_0001,3
CoreLang5_Block5_IO_And_Serialization (8),CL5_BIN_ENDIANNESS_17_0001,3
CoreLang5_Block5_IO_And_Serialization (8),CL5_BIN_ENDIANNESS_18_0001,3
CoreLang5_Block5_IO_And_Serialization (8),CL5_BIN_ENDIANNESS_19_0001,3
CoreLang5_Block5_IO_And_Serialization (8),CL5_BIN_ENDIANNESS_20_0001,3
CoreLang5_Block5_IO_And_Serialization (8),CL5_STREAM_RICOMPOSIZIONE_1_0001,3
CoreLang5_Block5_IO_And_Serialization (8),CL5_STREAM_RICOMPOSIZIONE_2_0001,3
CoreLang5_Block5_IO_And_Serialization (8),CL5_STREAM_RICOMPOSIZIONE_3_0001,3
CoreLang5_Block5_IO_And_Serialization (8),CL5_STREAM_RICOMPOSIZIONE_4_0001,3
CoreLang5_Block5_IO_And_Serialization (8),CL5_STREAM_RICOMPOSIZIONE_5_0001,3
CoreLang5_Block5_IO_And_Serialization (8),CL5_STREAM_RICOMPOSIZIONE_6_0001,3
CoreLang5_Block5_IO_And_Serialization (8),CL5_STREAM_RICOMPOSIZIONE_7_0001,3
CoreLang5_Block5_IO_And_Serialization (8),CL5_STREAM_RICOMPOSIZIONE_8_0001,3
CoreLang5_Block5_IO_And_Serialization (8),CL5_STREAM_RICOMPOSIZIONE_9_0001,3
CoreLang5_Block5_IO_And_Serialization (8),CL5_STREAM_RICOMPOSIZIONE_10_0001,3
CoreLang5_Block5_IO_And_Serialization (8),CL5_STREAM_RICOMPOSIZIONE_11_0001,3
CoreLang5_Block5_IO_And_Serialization (8),CL5_STREAM_RICOMPOSIZIONE_12_0001,3
CoreLang5_Block5_IO_And_Serialization (8),CL5_STREAM_RICOMPOSIZIONE_13_0001,3
CoreLang5_Block5_IO_And_Serialization (8),CL5_STREAM_RICOMPOSIZIONE_14_0001,3
CoreLang5_Block5_IO_And_Serialization (8),CL5_STREAM_RICOMPOSIZIONE_15_0001,3
CoreLang5_Block5_IO_And_Serialization (8),CL5_GZIP_DECOMPRESS_1_0001,3
CoreLang5_Block5_IO_And_Serialization (8),CL5_GZIP_DECOMPRESS_2_0001,3
CoreLang5_Block5_IO_And_Serialization (8),CL5_GZIP_DECOMPRESS_3_0001,3
CoreLang5_Block5_IO_And_Serialization (8),CL5_GZIP_DECOMPRESS_4_0001,3
CoreLang5_Block5_IO_And_Serialization (8),CL5_GZIP_DECOMPRESS_5_0001,3
CoreLang5_Block5_IO_And_Serialization (8),CL5_GZIP_DECOMPRESS_6_0001,3
CoreLang5_Block5_IO_And_Serialization (8),CL5_GZIP_DECOMPRESS_7_0001,3
CoreLang5_Block5_IO_And_Serialization (8),CL5_GZIP_DECOMPRESS_8_0001,3
CoreLang5_Block5_IO_And_Serialization (8),CL5_GZIP_DECOMPRESS_9_0001,3
CoreLang5_Block5_IO_And_Serialization (8),CL5_GZIP_DECOMPRESS_10_0001,3
CoreLang5_Block5_IO_And_Serialization (8),CL5_GZIP_DECOMPRESS_11_0001,3
CoreLang5_Block5_IO_And_Serialization (8),CL5_GZIP_DECOMPRESS_12_0001,3
CoreLang5_Block5_IO_And_Serialization (8),CL5_GZIP_DECOMPRESS_13_0001,3
CoreLang5_Block5_IO_And_Serialization (8),CL5_GZIP_DECOMPRESS_14_0001,3
CoreLang5_Block5_IO_And_Serialization (8),CL5_GZIP_DECOMPRESS_15_0001,3
CoreLang5_Block5_IO_And_Serialization (8),CL5_CODEC_CONVERSIONE_1_0001,3
CoreLang5_Block5_IO_And_Serialization (8),CL5_CODEC_CONVERSIONE_2_0001,3
CoreLang5_Block5_IO_And_Serialization (8),CL5_CODEC_CONVERSIONE_3_0001,3
CoreLang5_Block5_IO_And_Serialization (8),CL5_CODEC_CONVERSIONE_4_0001,3
CoreLang5_Block5_IO_And_Serialization (8),CL5_CODEC_CONVERSIONE_5_0001,3
CoreLang5_Block5_IO_And_Serialization (8),CL5_CODEC_CONVERSIONE_6_0001,3
CoreLang5_Block5_IO_And_Serialization (8),CL5_CODEC_CONVERSIONE_7_0001,3
CoreLang5_Block5_IO_And_Serialization (8),CL5_CODEC_CONVERSIONE_8_0001,3
CoreLang5_Block5_IO_And_Serialization (8),CL5_CODEC_CONVERSIONE_9_0001,3
CoreLang5_Block5_IO_And_Serialization (8),CL5_CODEC_CONVERSIONE_10_0001,3
CoreLang5_Block5_IO_And_Serialization (8),CL5_BASE64_DECODE_1_0001,3
CoreLang5_Block5_IO_And_Serialization (8),CL5_BASE64_DECODE_2_0001,3
CoreLang5_Block5_IO_And_Serialization (8),CL5_BASE64_DECODE_3_0001,3
CoreLang5_Block5_IO_And_Serialization (8),CL5_BASE64_DECODE_4_0001,3
CoreLang5_Block5_IO_And_Serialization (8),CL5_BASE64_DECODE_5_0001,3
CoreLang5_Block5_IO_And_Serialization (8),CL5_BASE64_DECODE_6_0001,3
CoreLang5_Block5_IO_And_Serialization (8),CL5_BASE64_DECODE_7_0001,3
CoreLang5_Block5_IO_And_Serialization (8),CL5_BASE64_DECODE_8_0001,3
CoreLang5_Block5_IO_And_Serialization (8),CL5_BASE64_DECODE_9_0001,3
CoreLang5_Block5_IO_And_Serialization (8),CL5_BASE64_DECODE_10_0001,3
CoreLang5_Block5_IO_And_Serialization (8),CL5_BASE64_DECODE_11_0001,3
CoreLang5_Block5_IO_And_Serialization (8),CL5_BASE64_DECODE_12_0001,3
CoreLang5_Block5_IO_And_Serialization (8),CL5_BASE64_DECODE_13_0001,3
CoreLang5_Block5_IO_And_Serialization (8),CL5_BASE64_DECODE_14_0001,3
CoreLang5_Block5_IO_And_Serialization (8),CL5_BASE64_DECODE_15_0001,3
CoreLang5_Block5_IO_And_Serialization (8),CL5_BASE64_DECODE_16_0001,3
CoreLang5_Block5_IO_And_Serialization (8),CL5_BASE64_DECODE_17_0001,3
CoreLang5_Block5_IO_And_Serialization (8),CL5_BASE64_DECODE_18_0001,3
CoreLang5_Block5_IO_And_Serialization (8),CL5_BASE64_DECODE_19_0001,3
CoreLang5_Block5_IO_And_Serialization (8),CL5_BASE64_DECODE_20_0001,3
CoreLang5_Block5_IO_And_Serialization (8),CL5_BASE64_DECODE_21_0001,3
CoreLang5_Block5_IO_And_Serialization (8),CL5_BASE64_DECODE_22_0001,3
CoreLang5_Block5_IO_And_Serialization (8),CL5_BASE64_DECODE_23_0001,3
CoreLang5_Block5_IO_And_Serialization (8),CL5_BASE64_DECODE_24_0001,3
CoreLang5_Block5_IO_And_Serialization (8),CL5_BASE64_DECODE_25_0001,3
CoreLang5_Block5_IO_And_Serialization (8),CL5_BASE64_DECODE_26_0001,3
CoreLang5_Block5_IO_And_Serialization (8),CL5_BASE64_DECODE_27_0001,3
CoreLang5_Block5_IO_And_Serialization (8),CL5_BASE64_DECODE_28_0001,3
CoreLang5_Block5_IO_And_Serialization (8),CL5_BASE64_DECODE_29_0001,3
CoreLang5_Block5_IO_And_Serialization (8),CL5_BASE64_DECODE_30_0001,3
CoreLang5_Block5_IO_And_Serialization (8),CL5_BASE64_DECODE_31_0001,3
CoreLang5_Block5_IO_And_Serialization (8),CL5_BASE64_DECODE_32_0001,3
CoreLang5_Block5_IO_And_Serialization (8),CL5_BASE64_DECODE_33_0001,3
CoreLang5_Block5_IO_And_Serialization (8),CL5_BASE64_DECODE_34_0001,3
CoreLang5_Block5_IO_And_Serialization (8),CL5_BASE64_DECODE_35_0001,3
CoreLang5_Block5_IO_And_Serialization (8),CL5_BASE64_DECODE_36_0001,3
CoreLang5_Block5_IO_And_Serialization (8),CL5_BASE64_DECODE_37_0001,3
CoreLang5_Block5_IO_And_Serialization (8),CL5_BASE64_DECODE_38_0001,3
CoreLang5_Block5_IO_And_Serialization (8),CL5_BASE64_DECODE_39_0001,3
CoreLang5_Block5_IO_And_Serialization (8),CL5_BASE64_DECODE_40_0001,3
CoreLang5_Block5_IO_And_Serialization (8),CL5_VARINT_DECODE_1_0001,3
CoreLang5_Block5_IO_And_Serialization (8),CL5_VARINT_DECODE_2_0001,3
CoreLang5_Block5_IO_And_Serialization (8),CL5_VARINT_DECODE_3_0001,3
CoreLang5_Block5_IO_And_Serialization (8),CL5_VARINT_DECODE_4_0001,3
CoreLang5_Block5_IO_And_Serialization (8),CL5_VARINT_DECODE_5_0001,3
CoreLang5_Block5_IO_And_Serialization (8),CL5_VARINT_DECODE_6_0001,3
CoreLang5_Block5_IO_And_Serialization (8),CL5_VARINT_DECODE_7_0001,3
CoreLang5_Block5_IO_And_Serialization (8),CL5_VARINT_DECODE_8_0001,3
CoreLang5_Block5_IO_And_Serialization (8),CL5_VARINT_DECODE_9_0001,3
CoreLang5_Block5_IO_And_Serialization (8),CL5_VARINT_DECODE_10_0001,3
CoreLang5_Block5_IO_And_Serialization (8),CL5_VARINT_DECODE_11_0001,3
CoreLang5_Block5_IO_And_Serialization (8),CL5_VARINT_DECODE_12_0001,3
CoreLang5_Block5_IO_And_Serialization (8),CL5_VARINT_DECODE_13_0001,3
CoreLang5_Block11_Crypto_Interop (2),FIAT_USD,333
CoreLang5_Block11_Crypto_Interop (2),STABLE_USDT,333
CoreLang5_Block11_Crypto_Interop (2),FIAT_EUR,333
CoreLang5_Block11_Crypto_Interop (2),VALID_TAPROOT,313
CoreLang5_Block11_Crypto_Interop (2),VALID_P2WPKH,311
CoreLang5_Block11_Crypto_Interop (2),ETH_MAINNET,285
CoreLang5_Block11_Crypto_Interop (2),ETH_USDT,16
CoreLang5_Block11_Crypto_Interop (2),IMX_USDT,16
CoreLang5_Block11_Crypto_Interop (2),CL5_UNITS_MILLISATS_TO_SATS_MSAT2_0001,3
CoreLang5_Block11_Crypto_Interop (2),CL5_UNITS_MICROXRP_TO_DROPS_MICRO3_0001,3
CoreLang5_Block11_Crypto_Interop (2),CL5_UNITS_ERC20_SCALE_UNITS4938268_D6_0001,3
CoreLang5_Block11_Crypto_Interop (2),CL5_ROUND_PRICE_TICK_P100005_T250_0001,3
CoreLang5_Block11_Crypto_Interop (2),CL5_ROUND_QTY_LOT_Q1006_L100_0001,3
CoreLang5_Block11_Crypto_Interop (2),CL5_FEE_BASE_BPS_QTY1000007_BPS50_0001,3
CoreLang5_Block11_Crypto_Interop (2),CL5_SYMBOL_CATEGORY_SOL_EUR_0001,3
CoreLang5_Block11_Crypto_Interop (2),CL5_FINALITY_SAFE_IMX_CONF10_THR12_0001,3
CoreLang5_Block11_Crypto_Interop (2),CL5_WS_HEARTBEAT_INTERVAL13_ELAPSED92_0001,3
CoreLang5_Block11_Crypto_Interop (2),CL5_ADDR_BTC_BASE58CHECK_VALID_V0_0001,3
CoreLang5_Block11_Crypto_Interop (2),CL5_ADDR_SOL_BASE58_LEN32_0001,3
CoreLang5_Block11_Crypto_Interop (2),CL5_PAGING_OFFSET_N162_P17_K6_0001,3
CoreLang5_Block11_Crypto_Interop (2),CL5_RPC_METHOD_CATEGORY_ETH_GETBLOCKBYNUMBER_0001,3
CoreLang5_Block11_Crypto_Interop (2),CL5_UNITS_MILLISATS_TO_SATS_MSAT20_0001,3
CoreLang5_Block11_Crypto_Interop (2),CL5_UNITS_MICROXRP_TO_DROPS_MICRO21_0001,3
CoreLang5_Block11_Crypto_Interop (2),CL5_UNITS_ERC20_SCALE_UNITS27160474_D9_0001,3
CoreLang5_Block11_Crypto_Interop (2),CL5_ROUND_PRICE_TICK_P100023_T1000_0001,3
CoreLang5_Block11_Crypto_Interop (2),CL5_ROUND_QTY_LOT_Q1024_L1_0001,3
CoreLang5_Block11_Crypto_Interop (2),CL5_FEE_BASE_BPS_QTY1000025_BPS10_0001,3
CoreLang5_Block11_Crypto_Interop (2),CL5_SYMBOL_CATEGORY_SOL_EUR_0002,3
CoreLang5_Block11_Crypto_Interop (2),CL5_FINALITY_SAFE_SOL_CONF28_THR32_0001,3
CoreLang5_Block11_Crypto_Interop (2),CL5_WS_HEARTBEAT_INTERVAL11_ELAPSED18_0001,3
CoreLang5_Block11_Crypto_Interop (2),CL5_ADDR_BTC_BASE58CHECK_VALID_V0_0002,3
CoreLang5_Block11_Crypto_Interop (2),CL5_ADDR_SOL_BASE58_LEN32_0002,3
CoreLang5_Block11_Crypto_Interop (2),CL5_PAGING_OFFSET_N288_P35_K7_0001,3
CoreLang5_Block11_Crypto_Interop (2),CL5_RPC_METHOD_CATEGORY_GETBLOCKHEIGHT_0001,3
CoreLang5_Block11_Crypto_Interop (2),CL5_UNITS_MILLISATS_TO_SATS_MSAT38_0001,3
CoreLang5_Block11_Crypto_Interop (2),CL5_UNITS_MICROXRP_TO_DROPS_MICRO39_0001,3
CoreLang5_Block11_Crypto_Interop (2),CL5_UNITS_ERC20_SCALE_UNITS49382680_D6_0001,3
CoreLang5_Block11_Crypto_Interop (2),CL5_ROUND_PRICE_TICK_P100041_T10_0001,3
CoreLang5_Block11_Crypto_Interop (2),CL5_ROUND_QTY_LOT_Q1042_L5000_0001,3
CoreLang5_Block11_Crypto_Interop (2),CL5_FEE_BASE_BPS_QTY1000043_BPS50_0001,3
CoreLang5_Block11_Crypto_Interop (2),CL5_SYMBOL_CATEGORY_SOL_EUR_0003,3
CoreLang5_Block11_Crypto_Interop (2),CL5_FINALITY_SAFE_BTC_CONF46_THR6_0001,3
CoreLang5_Block11_Crypto_Interop (2),CL5_WS_HEARTBEAT_INTERVAL19_ELAPSED144_0001,3
CoreLang5_Block11_Crypto_Interop (2),CL5_ADDR_BTC_BASE58CHECK_VALID_V0_0003,3
CoreLang5_Block11_Crypto_Interop (2),CL5_ADDR_SOL_BASE58_LEN32_0003,3
CoreLang5_Block11_Crypto_Interop (2),CL5_PAGING_OFFSET_N414_P3_K52_0001,3
CoreLang5_Block11_Crypto_Interop (2),CL5_RPC_METHOD_CATEGORY_GETBLOCKHASH_0001,3
CoreLang5_Block11_Crypto_Interop (2),CL5_UNITS_MILLISATS_TO_SATS_MSAT56_0001,3
CoreLang5_Block11_Crypto_Interop (2),CL5_UNITS_MICROXRP_TO_DROPS_MICRO57_0001,3
CoreLang5_Block11_Crypto_Interop (2),CL5_UNITS_ERC20_SCALE_UNITS71604886_D9_0001,3
CoreLang5_Block11_Crypto_Interop (2),CL5_ROUND_PRICE_TICK_P100059_T50_0001,3
CoreLang5_Block11_Crypto_Interop (2),CL5_ROUND_QTY_LOT_Q1060_L1000_0001,3
CoreLang5_Block11_Crypto_Interop (2),CL5_FEE_BASE_BPS_QTY1000061_BPS10_0001,3
CoreLang5_Block11_Crypto_Interop (2),CL5_SYMBOL_CATEGORY_SOL_EUR_0004,3
CoreLang5_Block11_Crypto_Interop (2),CL5_FINALITY_SAFE_XRP_CONF14_THR1_0001,3
CoreLang5_Block11_Crypto_Interop (2),CL5_WS_HEARTBEAT_INTERVAL17_ELAPSED70_0001,3
CoreLang5_Block11_Crypto_Interop (2),CL5_ADDR_BTC_BASE58CHECK_VALID_V0_0004,3
CoreLang5_Block11_Crypto_Interop (2),CL5_ADDR_SOL_BASE58_LEN32_0004,3
CoreLang5_Block11_Crypto_Interop (2),CL5_PAGING_OFFSET_N540_P21_K18_0001,3
CoreLang5_Block11_Crypto_Interop (2),CL5_RPC_METHOD_CATEGORY_LEDGER_0001,3
CoreLang5_Block11_Crypto_Interop (2),CL5_UNITS_MILLISATS_TO_SATS_MSAT74_0001,3
CoreLang5_Block11_Crypto_Interop (2),CL5_UNITS_MICROXRP_TO_DROPS_MICRO75_0001,3
CoreLang5_Block11_Crypto_Interop (2),CL5_UNITS_ERC20_SCALE_UNITS93827092_D6_0001,3
CoreLang5_Block11_Crypto_Interop (2),CL5_ROUND_PRICE_TICK_P100077_T250_0001,3
CoreLang5_Block11_Crypto_Interop (2),CL5_ROUND_QTY_LOT_Q1078_L100_0001,3
CoreLang5_Block11_Crypto_Interop (2),CL5_FEE_BASE_BPS_QTY1000079_BPS50_0001,3
CoreLang5_Block11_Crypto_Interop (2),CL5_SYMBOL_CATEGORY_SOL_EUR_0005,3
CoreLang5_Block11_Crypto_Interop (2),CL5_FINALITY_SAFE_ETH_CONF32_THR12_0001,3
CoreLang5_Block11_Crypto_Interop (2),CL5_WS_HEARTBEAT_INTERVAL15_ELAPSED196_0001,3
CoreLang5_Block11_Crypto_Interop (2),CL5_ADDR_BTC_BASE58CHECK_VALID_V0_0005,3
CoreLang5_Block11_Crypto_Interop (2),CL5_ADDR_SOL_BASE58_LEN32_0005,3
CoreLang5_Block11_Crypto_Interop (2),CL5_PAGING_OFFSET_N166_P39_K3_0001,3
CoreLang5_Block11_Crypto_Interop (2),CL5_RPC_METHOD_CATEGORY_ETH_GETBLOCKBYNUMBER_0002,3
CoreLang5_Block11_Crypto_Interop (2),CL5_UNITS_MILLISATS_TO_SATS_MSAT92_0001,3
CoreLang5_Block11_Crypto_Interop (2),CL5_UNITS_MICROXRP_TO_DROPS_MICRO93_0001,3
CoreLang5_Block11_Crypto_Interop (2),CL5_UNITS_ERC20_SCALE_UNITS116049298_D9_0001,3
CoreLang5_Block11_Crypto_Interop (2),CL5_ROUND_PRICE_TICK_P100095_T1000_0001,3
CoreLang5_Block11_Crypto_Interop (2),CL5_ROUND_QTY_LOT_Q1096_L1_0001,3
CoreLang5_Block11_Crypto_Interop (2),CL5_FEE_BASE_BPS_QTY1000097_BPS10_0001,3
CoreLang5_Block11_Crypto_Interop (2),CL5_SYMBOL_CATEGORY_SOL_EUR_0006,3
CoreLang5_Block11_Crypto_Interop (2),CL5_FINALITY_SAFE_IMX_CONF50_THR12_0001,3
CoreLang5_Block11_Crypto_Interop (2),CL5_WS_HEARTBEAT_INTERVAL13_ELAPSED122_0001,3
CoreLang5_Block11_Crypto_Interop (2),CL5_ADDR_BTC_BASE58CHECK_VALID_V0_0006,3
CoreLang5_Block11_Crypto_Interop (2),CL5_ADDR_SOL_BASE58_LEN32_0006,3
CoreLang5_Block11_Crypto_Interop (2),CL5_PAGING_OFFSET_N292_P7_K22_0001,3
CoreLang5_Block11_Crypto_Interop (2),CL5_RPC_METHOD_CATEGORY_GETBLOCKHEIGHT_0002,3
CoreLang5_Block11_Crypto_Interop (2),CL5_UNITS_MILLISATS_TO_SATS_MSAT110_0001,3
CoreLang5_Block11_Crypto_Interop (2),CL5_UNITS_MICROXRP_TO_DROPS_MICRO111_0001,3
CoreLang5_Block11_Crypto_Interop (2),CL5_UNITS_ERC20_SCALE_UNITS138271504_D6_0001,3
CoreLang5_Block11_Crypto_Interop (2),CL5_ROUND_PRICE_TICK_P100113_T10_0001,3
CoreLang5_Block11_Crypto_Interop (2),CL5_ROUND_QTY_LOT_Q1114_L5000_0001,3
CoreLang5_Block11_Crypto_Interop (2),CL5_FEE_BASE_BPS_QTY1000115_BPS50_0001,3
CoreLang5_Block11_Crypto_Interop (2),CL5_SYMBOL_CATEGORY_SOL_EUR_0007,3
CoreLang5_Block11_Crypto_Interop (2),CL5_FINALITY_SAFE_SOL_CONF18_THR32_0001,3
CoreLang5_Block11_Crypto_Interop (2),CL5_WS_HEARTBEAT_INTERVAL11_ELAPSED48_0001,3
CoreLang5_Block11_Crypto_Interop (2),CL5_ADDR_BTC_BASE58CHECK_VALID_V0_0007,3
CoreLang5_Block11_Crypto_Interop (2),CL5_ADDR_SOL_BASE58_LEN32_0007,3
CoreLang5_Block11_Crypto_Interop (2),CL5_PAGING_OFFSET_N418_P25_K5_0001,3
CoreLang5_Block11_Crypto_Interop (2),CL5_RPC_METHOD_CATEGORY_GETBLOCKHASH_0002,3
CoreLang5_Block11_Crypto_Interop (2),CL5_UNITS_MILLISATS_TO_SATS_MSAT128_0001,3
CoreLang5_Block11_Crypto_Interop (2),CL5_UNITS_MICROXRP_TO_DROPS_MICRO129_0001,3
CoreLang5_Block11_Crypto_Interop (2),CL5_UNITS_ERC20_SCALE_UNITS160493710_D9_0001,3
CoreLang5_Block11_Crypto_Interop (2),CL5_ROUND_PRICE_TICK_P100131_T50_0001,3
CoreLang5_Block11_Crypto_Interop (2),CL5_ROUND_QTY_LOT_Q1132_L1000_0001,3
CoreLang5_Block11_Crypto_Interop (2),CL5_FEE_BASE_BPS_QTY1000133_BPS10_0001,3
CoreLang5_Block11_Crypto_Interop (2),CL5_SYMBOL_CATEGORY_SOL_EUR_0008,3
CoreLang5_Block11_Crypto_Interop (2),CL5_FINALITY_SAFE_BTC_CONF36_THR6_0001,3
CoreLang5_Block11_Crypto_Interop (2),CL5_WS_HEARTBEAT_INTERVAL19_ELAPSED174_0001,3
CoreLang5_Block11_Crypto_Interop (2),CL5_ADDR_BTC_BASE58CHECK_VALID_V0_0008,3
CoreLang5_Block11_Crypto_Interop (2),CL5_ADDR_SOL_BASE58_LEN32_0008,3
CoreLang5_Block11_Crypto_Interop (2),CL5_PAGING_OFFSET_N544_P43_K12_0001,3
CoreLang5_Block11_Crypto_Interop (2),CL5_RPC_METHOD_CATEGORY_LEDGER_0002,3
CoreLang5_Block11_Crypto_Interop (2),CL5_UNITS_MILLISATS_TO_SATS_MSAT146_0001,3
CoreLang5_Block11_Crypto_Interop (2),CL5_UNITS_MICROXRP_TO_DROPS_MICRO147_0001,3
CoreLang5_Block11_Crypto_Interop (2),CL5_UNITS_ERC20_SCALE_UNITS182715916_D6_0001,3
CoreLang5_Block11_Crypto_Interop (2),CL5_ROUND_PRICE_TICK_P100149_T250_0001,3
CoreLang5_Block11_Crypto_Interop (2),CL5_ROUND_QTY_LOT_Q1150_L100_0001,3
CoreLang5_Block11_Crypto_Interop (2),CL5_FEE_BASE_BPS_QTY1000151_BPS50_0001,3
CoreLang5_Block11_Crypto_Interop (2),CL5_SYMBOL_CATEGORY_SOL_EUR_0009,3
CoreLang5_Block11_Crypto_Interop (2),CL5_FINALITY_SAFE_XRP_CONF4_THR1_0001,3
CoreLang5_Block11_Crypto_Interop (2),CL5_WS_HEARTBEAT_INTERVAL17_ELAPSED100_0001,3
CoreLang5_Block11_Crypto_Interop (2),CL5_ADDR_BTC_BASE58CHECK_VALID_V0_0009,3
CoreLang5_Block11_Crypto_Interop (2),CL5_ADDR_SOL_BASE58_LEN32_0009,3
CoreLang5_Block11_Crypto_Interop (2),CL5_PAGING_OFFSET_N170_P11_K0_0001,3
CoreLang5_Block11_Crypto_Interop (2),CL5_RPC_METHOD_CATEGORY_ETH_GETBLOCKBYNUMBER_0003,3
CoreLang5_Block11_Crypto_Interop (2),CL5_UNITS_MILLISATS_TO_SATS_MSAT164_0001,3
CoreLang5_Block11_Crypto_Interop (2),CL5_UNITS_MICROXRP_TO_DROPS_MICRO165_0001,3
CoreLang5_Block11_Crypto_Interop (2),CL5_UNITS_ERC20_SCALE_UNITS204938122_D9_0001,3
CoreLang5_Block11_Crypto_Interop (2),CL5_ROUND_PRICE_TICK_P100167_T1000_0001,3
CoreLang5_Block11_Crypto_Interop (2),CL5_ROUND_QTY_LOT_Q1168_L1_0001,3
CoreLang5_Block11_Crypto_Interop (2),CL5_FEE_BASE_BPS_QTY1000169_BPS10_0001,3
CoreLang5_Block11_Crypto_Interop (2),CL5_SYMBOL_CATEGORY_SOL_EUR_0010,3
CoreLang5_Block11_Crypto_Interop (2),CL5_FINALITY_SAFE_ETH_CONF22_THR12_0001,3
CoreLang5_Block11_Crypto_Interop (2),CL5_WS_HEARTBEAT_INTERVAL15_ELAPSED26_0001,3
CoreLang5_Block11_Crypto_Interop (2),CL5_ADDR_BTC_BASE58CHECK_VALID_V0_0010,3
CoreLang5_Block11_Crypto_Interop (2),CL5_ADDR_SOL_BASE58_LEN32_0010,3
CoreLang5_Block11_Crypto_Interop (2),CL5_PAGING_OFFSET_N296_P29_K2_0001,3
CoreLang5_Block11_Crypto_Interop (2),CL5_RPC_METHOD_CATEGORY_GETBLOCKHEIGHT_0003,3
CoreLang5_Block11_Crypto_Interop (2),CL5_UNITS_MILLISATS_TO_SATS_MSAT182_0001,3
CoreLang5_Block11_Crypto_Interop (2),CL5_UNITS_MICROXRP_TO_DROPS_MICRO183_0001,3
CoreLang5_Block11_Crypto_Interop (2),CL5_UNITS_ERC20_SCALE_UNITS227160328_D6_0001,3
CoreLang5_Block11_Crypto_Interop (2),CL5_ROUND_PRICE_TICK_P100185_T10_0001,3
CoreLang5_Block11_Crypto_Interop (2),CL5_ROUND_QTY_LOT_Q1186_L5000_0001,3
CoreLang5_Block11_Crypto_Interop (2),CL5_FEE_BASE_BPS_QTY1000187_BPS50_0001,3
CoreLang5_Block11_Crypto_Interop (2),CL5_SYMBOL_CATEGORY_SOL_EUR_0011,3
CoreLang5_Block11_Crypto_Interop (2),CL5_FINALITY_SAFE_IMX_CONF40_THR12_0001,3
CoreLang5_Block11_Crypto_Interop (2),CL5_WS_HEARTBEAT_INTERVAL13_ELAPSED152_0001,3
CoreLang5_Block11_Crypto_Interop (2),CL5_ADDR_BTC_BASE58CHECK_VALID_V0_0011,3
CoreLang5_Block11_Crypto_Interop (2),CL5_ADDR_SOL_BASE58_LEN32_0011,3
CoreLang5_Block11_Crypto_Interop (2),CL5_PAGING_OFFSET_N422_P47_K7_0001,3
CoreLang5_Block10_Domain_Adapters (4),CL5_C10_PRICING_STACKED_DISCOUNTS_CENTS_0001,3
CoreLang5_Block10_Domain_Adapters (4),CL5_C10_LOGISTICS_VOLUMETRIC_WEIGHT_KG_0001,3
CoreLang5_Block10_Domain_Adapters (4),CL5_C10_MEDIA_VIDEO_BITRATE_KBPS_0001,3
CoreLang5_Block10_Domain_Adapters (4),CL5_C10_AUDIO_PCM_BYTES_TOTAL_0001,3
CoreLang5_Block10_Domain_Adapters (4),CL5_C10_VALIDATION_LUHN_CHECK_DIGIT_0001,3
CoreLang5_Block10_Domain_Adapters (4),CL5_C10_FINANCE_IBAN_MOD97_REMAINDER_0001,3
CoreLang5_Block10_Domain_Adapters (4),CL5_C10_API_PAGINATION_OFFSET_0001,3
CoreLang5_Block10_Domain_Adapters (4),CL5_C10_SUPPLY_SAFETY_STOCK_UNITS_0001,3
CoreLang5_Block10_Domain_Adapters (4),CL5_C10_CALENDAR_ISO_WEEK_NUMBER_0001,3
CoreLang5_Block10_Domain_Adapters (4),CL5_C10_WEB_SLUG_LENGTH_CAPPED_0001,3
CoreLang5_Block10_Domain_Adapters (4),CL5_C10_ENC_BASE36_LENGTH_0001,3
CoreLang5_Block10_Domain_Adapters (4),CL5_C10_PRICING_STACKED_DISCOUNTS_CENTS_0002,3
CoreLang5_Block10_Domain_Adapters (4),CL5_C10_LOGISTICS_VOLUMETRIC_WEIGHT_KG_0002,3
CoreLang5_Block10_Domain_Adapters (4),CL5_C10_MEDIA_VIDEO_BITRATE_KBPS_0002,3
CoreLang5_Block10_Domain_Adapters (4),CL5_C10_AUDIO_PCM_BYTES_TOTAL_0002,3
CoreLang5_Block10_Domain_Adapters (4),CL5_C10_VALIDATION_LUHN_CHECK_DIGIT_0002,3
CoreLang5_Block10_Domain_Adapters (4),CL5_C10_FINANCE_IBAN_MOD97_REMAINDER_0002,3
CoreLang5_Block10_Domain_Adapters (4),CL5_C10_API_PAGINATION_OFFSET_0002,3
CoreLang5_Block10_Domain_Adapters (4),CL5_C10_SUPPLY_SAFETY_STOCK_UNITS_0002,3
CoreLang5_Block10_Domain_Adapters (4),CL5_C10_CALENDAR_ISO_WEEK_NUMBER_0002,3
CoreLang5_Block10_Domain_Adapters (4),CL5_C10_WEB_SLUG_LENGTH_CAPPED_0002,3
CoreLang5_Block10_Domain_Adapters (4),CL5_C10_ENC_BASE36_LENGTH_0002,3
CoreLang5_Block10_Domain_Adapters (4),CL5_C10_PRICING_STACKED_DISCOUNTS_CENTS_0003,3
CoreLang5_Block10_Domain_Adapters (4),CL5_C10_LOGISTICS_VOLUMETRIC_WEIGHT_KG_0003,3
CoreLang5_Block10_Domain_Adapters (4),CL5_C10_MEDIA_VIDEO_BITRATE_KBPS_0003,3
CoreLang5_Block10_Domain_Adapters (4),CL5_C10_AUDIO_PCM_BYTES_TOTAL_0003,3
CoreLang5_Block10_Domain_Adapters (4),CL5_C10_VALIDATION_LUHN_CHECK_DIGIT_0003,3
CoreLang5_Block10_Domain_Adapters (4),CL5_C10_FINANCE_IBAN_MOD97_REMAINDER_0003,3
CoreLang5_Block10_Domain_Adapters (4),CL5_C10_API_PAGINATION_OFFSET_0003,3
CoreLang5_Block10_Domain_Adapters (4),CL5_C10_SUPPLY_SAFETY_STOCK_UNITS_0003,3
CoreLang5_Block10_Domain_Adapters (4),CL5_C10_CALENDAR_ISO_WEEK_NUMBER_0003,3
CoreLang5_Block10_Domain_Adapters (4),CL5_C10_WEB_SLUG_LENGTH_CAPPED_0003,3
CoreLang5_Block10_Domain_Adapters (4),CL5_C10_ENC_BASE36_LENGTH_0003,3
CoreLang5_Block10_Domain_Adapters (4),CL5_C10_PRICING_STACKED_DISCOUNTS_CENTS_0004,3
CoreLang5_Block10_Domain_Adapters (4),CL5_C10_LOGISTICS_VOLUMETRIC_WEIGHT_KG_0004,3
CoreLang5_Block10_Domain_Adapters (4),CL5_C10_MEDIA_VIDEO_BITRATE_KBPS_0004,3
CoreLang5_Block10_Domain_Adapters (4),CL5_C10_AUDIO_PCM_BYTES_TOTAL_0004,3
CoreLang5_Block10_Domain_Adapters (4),CL5_C10_VALIDATION_LUHN_CHECK_DIGIT_0004,3
CoreLang5_Block10_Domain_Adapters (4),CL5_C10_FINANCE_IBAN_MOD97_REMAINDER_0004,3
CoreLang5_Block10_Domain_Adapters (4),CL5_C10_API_PAGINATION_OFFSET_0004,3
CoreLang5_Block10_Domain_Adapters (4),CL5_C10_SUPPLY_SAFETY_STOCK_UNITS_0004,3
CoreLang5_Block10_Domain_Adapters (4),CL5_C10_CALENDAR_ISO_WEEK_NUMBER_0004,3
CoreLang5_Block10_Domain_Adapters (4),CL5_C10_WEB_SLUG_LENGTH_CAPPED_0004,3
CoreLang5_Block10_Domain_Adapters (4),CL5_C10_ENC_BASE36_LENGTH_0004,3
CoreLang5_Block10_Domain_Adapters (4),CL5_C10_PRICING_STACKED_DISCOUNTS_CENTS_0005,3
CoreLang5_Block10_Domain_Adapters (4),CL5_C10_LOGISTICS_VOLUMETRIC_WEIGHT_KG_0005,3
CoreLang5_Block10_Domain_Adapters (4),CL5_C10_MEDIA_VIDEO_BITRATE_KBPS_0005,3
CoreLang5_Block10_Domain_Adapters (4),CL5_C10_AUDIO_PCM_BYTES_TOTAL_0005,3
CoreLang5_Block10_Domain_Adapters (4),CL5_C10_VALIDATION_LUHN_CHECK_DIGIT_0005,3
CoreLang5_Block10_Domain_Adapters (4),CL5_C10_FINANCE_IBAN_MOD97_REMAINDER_0005,3
CoreLang5_Block10_Domain_Adapters (4),CL5_C10_API_PAGINATION_OFFSET_0005,3
CoreLang5_Block10_Domain_Adapters (4),CL5_C10_SUPPLY_SAFETY_STOCK_UNITS_0005,3
CoreLang5_Block10_Domain_Adapters (4),CL5_C10_CALENDAR_ISO_WEEK_NUMBER_0005,3
CoreLang5_Block10_Domain_Adapters (4),CL5_C10_WEB_SLUG_LENGTH_CAPPED_0005,3
CoreLang5_Block10_Domain_Adapters (4),CL5_C10_ENC_BASE36_LENGTH_0005,3
CoreLang5_Block10_Domain_Adapters (4),CL5_C10_PRICING_STACKED_DISCOUNTS_CENTS_0006,3
CoreLang5_Block10_Domain_Adapters (4),CL5_C10_LOGISTICS_VOLUMETRIC_WEIGHT_KG_0006,3
CoreLang5_Block10_Domain_Adapters (4),CL5_C10_MEDIA_VIDEO_BITRATE_KBPS_0006,3
CoreLang5_Block10_Domain_Adapters (4),CL5_C10_AUDIO_PCM_BYTES_TOTAL_0006,3
CoreLang5_Block10_Domain_Adapters (4),CL5_C10_VALIDATION_LUHN_CHECK_DIGIT_0006,3
CoreLang5_Block10_Domain_Adapters (4),CL5_C10_FINANCE_IBAN_MOD97_REMAINDER_0006,3
CoreLang5_Block10_Domain_Adapters (4),CL5_C10_API_PAGINATION_OFFSET_0006,3
CoreLang5_Block10_Domain_Adapters (4),CL5_C10_SUPPLY_SAFETY_STOCK_UNITS_0006,3
CoreLang5_Block10_Domain_Adapters (4),CL5_C10_CALENDAR_ISO_WEEK_NUMBER_0006,3
CoreLang5_Block10_Domain_Adapters (4),CL5_C10_WEB_SLUG_LENGTH_CAPPED_0006,3
CoreLang5_Block10_Domain_Adapters (4),CL5_C10_ENC_BASE36_LENGTH_0006,3
CoreLang5_Block10_Domain_Adapters (4),CL5_C10_PRICING_STACKED_DISCOUNTS_CENTS_0007,3
CoreLang5_Block10_Domain_Adapters (4),CL5_C10_LOGISTICS_VOLUMETRIC_WEIGHT_KG_0007,3
CoreLang5_Block10_Domain_Adapters (4),CL5_C10_MEDIA_VIDEO_BITRATE_KBPS_0007,3
CoreLang5_Block10_Domain_Adapters (4),CL5_C10_AUDIO_PCM_BYTES_TOTAL_0007,3
CoreLang5_Block10_Domain_Adapters (4),CL5_C10_VALIDATION_LUHN_CHECK_DIGIT_0007,3
CoreLang5_Block10_Domain_Adapters (4),CL5_C10_FINANCE_IBAN_MOD97_REMAINDER_0007,3
CoreLang5_Block10_Domain_Adapters (4),CL5_C10_API_PAGINATION_OFFSET_0007,3
CoreLang5_Block10_Domain_Adapters (4),CL5_C10_SUPPLY_SAFETY_STOCK_UNITS_0007,3
CoreLang5_Block10_Domain_Adapters (4),CL5_C10_CALENDAR_ISO_WEEK_NUMBER_0007,3
CoreLang5_Block10_Domain_Adapters (4),CL5_C10_WEB_SLUG_LENGTH_CAPPED_0007,3
CoreLang5_Block10_Domain_Adapters (4),CL5_C10_ENC_BASE36_LENGTH_0007,3
CoreLang5_Block10_Domain_Adapters (4),CL5_C10_PRICING_STACKED_DISCOUNTS_CENTS_0008,3
CoreLang5_Block10_Domain_Adapters (4),CL5_C10_LOGISTICS_VOLUMETRIC_WEIGHT_KG_0008,3
CoreLang5_Block10_Domain_Adapters (4),CL5_C10_MEDIA_VIDEO_BITRATE_KBPS_0008,3
CoreLang5_Block10_Domain_Adapters (4),CL5_C10_AUDIO_PCM_BYTES_TOTAL_0008,3
CoreLang5_Block10_Domain_Adapters (4),CL5_C10_VALIDATION_LUHN_CHECK_DIGIT_0008,3
CoreLang5_Block10_Domain_Adapters (4),CL5_C10_FINANCE_IBAN_MOD97_REMAINDER_0008,3
CoreLang5_Block10_Domain_Adapters (4),CL5_C10_API_PAGINATION_OFFSET_0008,3
CoreLang5_Block10_Domain_Adapters (4),CL5_C10_SUPPLY_SAFETY_STOCK_UNITS_0008,3
CoreLang5_Block10_Domain_Adapters (4),CL5_C10_CALENDAR_ISO_WEEK_NUMBER_0008,3
CoreLang5_Block10_Domain_Adapters (4),CL5_C10_WEB_SLUG_LENGTH_CAPPED_0008,3
CoreLang5_Block10_Domain_Adapters (4),CL5_C10_ENC_BASE36_LENGTH_0008,3
CoreLang5_Block10_Domain_Adapters (4),CL5_C10_PRICING_STACKED_DISCOUNTS_CENTS_0009,3
CoreLang5_Block10_Domain_Adapters (4),CL5_C10_LOGISTICS_VOLUMETRIC_WEIGHT_KG_0009,3
CoreLang5_Block10_Domain_Adapters (4),CL5_C10_MEDIA_VIDEO_BITRATE_KBPS_0009,3
CoreLang5_Block10_Domain_Adapters (4),CL5_C10_AUDIO_PCM_BYTES_TOTAL_0009,3
CoreLang5_Block10_Domain_Adapters (4),CL5_C10_VALIDATION_LUHN_CHECK_DIGIT_0009,3
CoreLang5_Block10_Domain_Adapters (4),CL5_C10_FINANCE_IBAN_MOD97_REMAINDER_0009,3
CoreLang5_Block10_Domain_Adapters (4),CL5_C10_API_PAGINATION_OFFSET_0009,3
CoreLang5_Block10_Domain_Adapters (4),CL5_C10_SUPPLY_SAFETY_STOCK_UNITS_0009,3
CoreLang5_Block10_Domain_Adapters (4),CL5_C10_CALENDAR_ISO_WEEK_NUMBER_0009,3
CoreLang5_Block10_Domain_Adapters (4),CL5_C10_WEB_SLUG_LENGTH_CAPPED_0009,3
CoreLang5_Block10_Domain_Adapters (4),CL5_C10_ENC_BASE36_LENGTH_0009,3
CoreLang5_Block10_Domain_Adapters (4),CL5_C10_PRICING_STACKED_DISCOUNTS_CENTS_0010,3
CoreLang5_Block10_Domain_Adapters (4),CL5_C10_LOGISTICS_VOLUMETRIC_WEIGHT_KG_0010,3
CoreLang5_Block10_Domain_Adapters (4),CL5_C10_MEDIA_VIDEO_BITRATE_KBPS_0010,3
CoreLang5_Block10_Domain_Adapters (4),CL5_C10_AUDIO_PCM_BYTES_TOTAL_0010,3
CoreLang5_Block10_Domain_Adapters (4),CL5_C10_VALIDATION_LUHN_CHECK_DIGIT_0010,3
CoreLang5_Block10_Domain_Adapters (4),CL5_C10_FINANCE_IBAN_MOD97_REMAINDER_0010,3
CoreLang5_Block10_Domain_Adapters (4),CL5_C10_API_PAGINATION_OFFSET_0010,3
CoreLang5_Block10_Domain_Adapters (4),CL5_C10_SUPPLY_SAFETY_STOCK_UNITS_0010,3
CoreLang5_Block10_Domain_Adapters (4),CL5_C10_CALENDAR_ISO_WEEK_NUMBER_0010,3
CoreLang5_Block10_Domain_Adapters (4),CL5_C10_WEB_SLUG_LENGTH_CAPPED_0010,3
CoreLang5_Block10_Domain_Adapters (4),CL5_C10_ENC_BASE36_LENGTH_0010,3
CoreLang5_Block10_Domain_Adapters (4),CL5_C10_PRICING_STACKED_DISCOUNTS_CENTS_0011,3
CoreLang5_Block10_Domain_Adapters (4),CL5_C10_LOGISTICS_VOLUMETRIC_WEIGHT_KG_0011,3
CoreLang5_Block10_Domain_Adapters (4),CL5_C10_MEDIA_VIDEO_BITRATE_KBPS_0011,3
CoreLang5_Block10_Domain_Adapters (4),CL5_C10_AUDIO_PCM_BYTES_TOTAL_0011,3
CoreLang5_Block10_Domain_Adapters (4),CL5_C10_VALIDATION_LUHN_CHECK_DIGIT_0011,3
CoreLang5_Block10_Domain_Adapters (4),CL5_C10_FINANCE_IBAN_MOD97_REMAINDER_0011,3
CoreLang5_Block10_Domain_Adapters (4),CL5_C10_API_PAGINATION_OFFSET_0011,3
CoreLang5_Block10_Domain_Adapters (4),CL5_C10_SUPPLY_SAFETY_STOCK_UNITS_0011,3
CoreLang5_Block10_Domain_Adapters (4),CL5_C10_CALENDAR_ISO_WEEK_NUMBER_0011,3
CoreLang5_Block10_Domain_Adapters (4),CL5_C10_WEB_SLUG_LENGTH_CAPPED_0011,3
CoreLang5_Block10_Domain_Adapters (4),CL5_C10_ENC_BASE36_LENGTH_0011,3
CoreLang5_Block10_Domain_Adapters (4),CL5_C10_PRICING_STACKED_DISCOUNTS_CENTS_0012,3
CoreLang5_Block10_Domain_Adapters (4),CL5_C10_LOGISTICS_VOLUMETRIC_WEIGHT_KG_0012,3
CoreLang5_Block10_Domain_Adapters (4),CL5_C10_MEDIA_VIDEO_BITRATE_KBPS_0012,3
CoreLang5_Block10_Domain_Adapters (4),CL5_C10_AUDIO_PCM_BYTES_TOTAL_0012,3
CoreLang5_Block10_Domain_Adapters (4),CL5_C10_VALIDATION_LUHN_CHECK_DIGIT_0012,3
CoreLang5_Block10_Domain_Adapters (4),CL5_C10_FINANCE_IBAN_MOD97_REMAINDER_0012,3
CoreLang5_Block10_Domain_Adapters (4),CL5_C10_API_PAGINATION_OFFSET_0012,3
CoreLang5_Block10_Domain_Adapters (4),CL5_C10_SUPPLY_SAFETY_STOCK_UNITS_0012,3
CoreLang5_Block10_Domain_Adapters (4),CL5_C10_CALENDAR_ISO_WEEK_NUMBER_0012,3
CoreLang5_Block10_Domain_Adapters (4),CL5_C10_WEB_SLUG_LENGTH_CAPPED_0012,3
CoreLang5_Block10_Domain_Adapters (4),CL5_C10_ENC_BASE36_LENGTH_0012,3
CoreLang5_Block10_Domain_Adapters (4),CL5_C10_PRICING_STACKED_DISCOUNTS_CENTS_0013,3
CoreLang5_Block10_Domain_Adapters (4),CL5_C10_LOGISTICS_VOLUMETRIC_WEIGHT_KG_0013,3
CoreLang5_Block10_Domain_Adapters (4),CL5_C10_MEDIA_VIDEO_BITRATE_KBPS_0013,3
CoreLang5_Block10_Domain_Adapters (4),CL5_C10_AUDIO_PCM_BYTES_TOTAL_0013,3
CoreLang5_Block10_Domain_Adapters (4),CL5_C10_VALIDATION_LUHN_CHECK_DIGIT_0013,3
CoreLang5_Block10_Domain_Adapters (4),CL5_C10_FINANCE_IBAN_MOD97_REMAINDER_0013,3
CoreLang5_Block10_Domain_Adapters (4),CL5_C10_API_PAGINATION_OFFSET_0013,3
CoreLang5_Block10_Domain_Adapters (4),CL5_C10_SUPPLY_SAFETY_STOCK_UNITS_0013,3
CoreLang5_Block10_Domain_Adapters (4),CL5_C10_CALENDAR_ISO_WEEK_NUMBER_0013,3
CoreLang5_Block10_Domain_Adapters (4),CL5_C10_WEB_SLUG_LENGTH_CAPPED_0013,3
CoreLang5_Block10_Domain_Adapters (4),CL5_C10_ENC_BASE36_LENGTH_0013,3
CoreLang5_Block10_Domain_Adapters (4),CL5_C10_PRICING_STACKED_DISCOUNTS_CENTS_0014,3
CoreLang5_Block10_Domain_Adapters (4),CL5_C10_LOGISTICS_VOLUMETRIC_WEIGHT_KG_0014,3
CoreLang5_Block10_Domain_Adapters (4),CL5_C10_MEDIA_VIDEO_BITRATE_KBPS_0014,3
CoreLang5_Block10_Domain_Adapters (4),CL5_C10_AUDIO_PCM_BYTES_TOTAL_0014,3
CoreLang5_Block10_Domain_Adapters (4),CL5_C10_VALIDATION_LUHN_CHECK_DIGIT_0014,3
CoreLang5_Block10_Domain_Adapters (4),CL5_C10_FINANCE_IBAN_MOD97_REMAINDER_0014,3
CoreLang5_Block10_Domain_Adapters (4),CL5_C10_API_PAGINATION_OFFSET_0014,3
CoreLang5_Block8_Systems_And_Networking (6),VENDOR_A,600
CoreLang5_Block8_Systems_And_Networking (6),VENDOR_B,300
CoreLang5_Block8_Systems_And_Networking (6),VENDOR_C,300
CoreLang5_Block8_Systems_And_Networking (6),TCP_RENO,286
CoreLang5_Block8_Systems_And_Networking (6),TCP_CUBIC,286
CoreLang5_Block8_Systems_And_Networking (6),CL5_C8_TCP_THROUGHPUT_WINDOW_RTT_0001,3
CoreLang5_Block8_Systems_And_Networking (6),CL5_C8_IPV4_FRAGMENTS_COUNT_SIMPLE_0001,3
CoreLang5_Block8_Systems_And_Networking (6),CL5_C8_CIDR_USABLE_HOSTS_IPV4_0001,3
CoreLang5_Block8_Systems_And_Networking (6),CL5_C8_NETMASK_DOTTED_FROM_PREFIX_0001,3
CoreLang5_Block8_Systems_And_Networking (6),CL5_C8_HTTP_STATUS_CLASS_HUNDREDS_0001,3
CoreLang5_Block8_Systems_And_Networking (6),CL5_C8_BASE64_ENCODED_LENGTH_0001,3
CoreLang5_Block8_Systems_And_Networking (6),CL5_C8_DNS_LABEL_COUNT_0001,3
CoreLang5_Block8_Systems_And_Networking (6),CL5_C8_CHECKSUM16_ONES_COMPLEMENT_FOLD_0001,3
CoreLang5_Block8_Systems_And_Networking (6),CL5_C8_HTTP2_FRAMES_NEEDED_0001,3
CoreLang5_Block8_Systems_And_Networking (6),CL5_C8_TLS_RECORDS_NEEDED_0001,3
CoreLang5_Block8_Systems_And_Networking (6),CL5_C8_SOCKET_ACCEPTED_WITH_BACKLOG_0001,3
CoreLang5_Block8_Systems_And_Networking (6),CL5_C8_RTT_ESTIMATED_MS_HOPS_0001,3
CoreLang5_Block8_Systems_And_Networking (6),CL5_C8_NAT_PORT_POOL_USED_0001,3
CoreLang5_Block8_Systems_And_Networking (6),CL5_C8_ROUTING_PATH_COST_SUM_0001,3
CoreLang5_Block8_Systems_And_Networking (6),CL5_C8_ETHERNET_MAC_OUI_CATEGORY_0001,3
CoreLang5_Block8_Systems_And_Networking (6),CL5_C8_QUEUE_DROPTAIL_DROPS_0001,3
CoreLang5_Block8_Systems_And_Networking (6),CL5_C8_CIDR_SUBNETS_FROM_SUPERNET_0001,3
CoreLang5_Block8_Systems_And_Networking (6),CL5_C8_TCP_THROUGHPUT_WINDOW_RTT_0002,3
CoreLang5_Block8_Systems_And_Networking (6),CL5_C8_IPV4_FRAGMENTS_COUNT_SIMPLE_0002,3
CoreLang5_Block8_Systems_And_Networking (6),CL5_C8_CIDR_USABLE_HOSTS_IPV4_0002,3
CoreLang5_Block8_Systems_And_Networking (6),CL5_C8_NETMASK_DOTTED_FROM_PREFIX_0002,3
CoreLang5_Block8_Systems_And_Networking (6),CL5_C8_HTTP_STATUS_CLASS_HUNDREDS_0002,3
CoreLang5_Block8_Systems_And_Networking (6),CL5_C8_BASE64_ENCODED_LENGTH_0002,3
CoreLang5_Block8_Systems_And_Networking (6),CL5_C8_DNS_LABEL_COUNT_0002,3
CoreLang5_Block8_Systems_And_Networking (6),CL5_C8_CHECKSUM16_ONES_COMPLEMENT_FOLD_0002,3
CoreLang5_Block8_Systems_And_Networking (6),CL5_C8_HTTP2_FRAMES_NEEDED_0002,3
CoreLang5_Block8_Systems_And_Networking (6),CL5_C8_TLS_RECORDS_NEEDED_0002,3
CoreLang5_Block8_Systems_And_Networking (6),CL5_C8_SOCKET_ACCEPTED_WITH_BACKLOG_0002,3
CoreLang5_Block8_Systems_And_Networking (6),CL5_C8_RTT_ESTIMATED_MS_HOPS_0002,3
CoreLang5_Block8_Systems_And_Networking (6),CL5_C8_NAT_PORT_POOL_USED_0002,3
CoreLang5_Block8_Systems_And_Networking (6),CL5_C8_ROUTING_PATH_COST_SUM_0002,3
CoreLang5_Block8_Systems_And_Networking (6),CL5_C8_ETHERNET_MAC_OUI_CATEGORY_0002,3
CoreLang5_Block8_Systems_And_Networking (6),CL5_C8_QUEUE_DROPTAIL_DROPS_0002,3
CoreLang5_Block8_Systems_And_Networking (6),CL5_C8_CIDR_SUBNETS_FROM_SUPERNET_0002,3
CoreLang5_Block8_Systems_And_Networking (6),CL5_C8_TCP_THROUGHPUT_WINDOW_RTT_0003,3
CoreLang5_Block8_Systems_And_Networking (6),CL5_C8_IPV4_FRAGMENTS_COUNT_SIMPLE_0003,3
CoreLang5_Block8_Systems_And_Networking (6),CL5_C8_CIDR_USABLE_HOSTS_IPV4_0003,3
CoreLang5_Block8_Systems_And_Networking (6),CL5_C8_NETMASK_DOTTED_FROM_PREFIX_0003,3
CoreLang5_Block8_Systems_And_Networking (6),CL5_C8_HTTP_STATUS_CLASS_HUNDREDS_0003,3
CoreLang5_Block8_Systems_And_Networking (6),CL5_C8_BASE64_ENCODED_LENGTH_0003,3
CoreLang5_Block8_Systems_And_Networking (6),CL5_C8_DNS_LABEL_COUNT_0003,3
CoreLang5_Block8_Systems_And_Networking (6),CL5_C8_CHECKSUM16_ONES_COMPLEMENT_FOLD_0003,3
CoreLang5_Block8_Systems_And_Networking (6),CL5_C8_HTTP2_FRAMES_NEEDED_0003,3
CoreLang5_Block8_Systems_And_Networking (6),CL5_C8_TLS_RECORDS_NEEDED_0003,3
CoreLang5_Block8_Systems_And_Networking (6),CL5_C8_SOCKET_ACCEPTED_WITH_BACKLOG_0003,3
CoreLang5_Block8_Systems_And_Networking (6),CL5_C8_RTT_ESTIMATED_MS_HOPS_0003,3
CoreLang5_Block8_Systems_And_Networking (6),CL5_C8_NAT_PORT_POOL_USED_0003,3
CoreLang5_Block8_Systems_And_Networking (6),CL5_C8_ROUTING_PATH_COST_SUM_0003,3
CoreLang5_Block8_Systems_And_Networking (6),CL5_C8_ETHERNET_MAC_OUI_CATEGORY_0003,3
CoreLang5_Block8_Systems_And_Networking (6),CL5_C8_QUEUE_DROPTAIL_DROPS_0003,3
CoreLang5_Block8_Systems_And_Networking (6),CL5_C8_CIDR_SUBNETS_FROM_SUPERNET_0003,3
CoreLang5_Block8_Systems_And_Networking (6),CL5_C8_TCP_THROUGHPUT_WINDOW_RTT_0004,3
CoreLang5_Block8_Systems_And_Networking (6),CL5_C8_IPV4_FRAGMENTS_COUNT_SIMPLE_0004,3
CoreLang5_Block8_Systems_And_Networking (6),CL5_C8_CIDR_USABLE_HOSTS_IPV4_0004,3
CoreLang5_Block8_Systems_And_Networking (6),CL5_C8_NETMASK_DOTTED_FROM_PREFIX_0004,3
CoreLang5_Block8_Systems_And_Networking (6),CL5_C8_HTTP_STATUS_CLASS_HUNDREDS_0004,3
CoreLang5_Block8_Systems_And_Networking (6),CL5_C8_BASE64_ENCODED_LENGTH_0004,3
CoreLang5_Block8_Systems_And_Networking (6),CL5_C8_DNS_LABEL_COUNT_0004,3
CoreLang5_Block8_Systems_And_Networking (6),CL5_C8_CHECKSUM16_ONES_COMPLEMENT_FOLD_0004,3
CoreLang5_Block8_Systems_And_Networking (6),CL5_C8_HTTP2_FRAMES_NEEDED_0004,3
CoreLang5_Block8_Systems_And_Networking (6),CL5_C8_TLS_RECORDS_NEEDED_0004,3
CoreLang5_Block8_Systems_And_Networking (6),CL5_C8_SOCKET_ACCEPTED_WITH_BACKLOG_0004,3
CoreLang5_Block8_Systems_And_Networking (6),CL5_C8_RTT_ESTIMATED_MS_HOPS_0004,3
CoreLang5_Block8_Systems_And_Networking (6),CL5_C8_NAT_PORT_POOL_USED_0004,3
CoreLang5_Block8_Systems_And_Networking (6),CL5_C8_ROUTING_PATH_COST_SUM_0004,3
CoreLang5_Block8_Systems_And_Networking (6),CL5_C8_ETHERNET_MAC_OUI_CATEGORY_0004,3
CoreLang5_Block8_Systems_And_Networking (6),CL5_C8_QUEUE_DROPTAIL_DROPS_0004,3
CoreLang5_Block8_Systems_And_Networking (6),CL5_C8_CIDR_SUBNETS_FROM_SUPERNET_0004,3
CoreLang5_Block8_Systems_And_Networking (6),CL5_C8_TCP_THROUGHPUT_WINDOW_RTT_0005,3
CoreLang5_Block8_Systems_And_Networking (6),CL5_C8_IPV4_FRAGMENTS_COUNT_SIMPLE_0005,3
CoreLang5_Block8_Systems_And_Networking (6),CL5_C8_CIDR_USABLE_HOSTS_IPV4_0005,3
CoreLang5_Block8_Systems_And_Networking (6),CL5_C8_NETMASK_DOTTED_FROM_PREFIX_0005,3
CoreLang5_Block8_Systems_And_Networking (6),CL5_C8_HTTP_STATUS_CLASS_HUNDREDS_0005,3
CoreLang5_Block8_Systems_And_Networking (6),CL5_C8_BASE64_ENCODED_LENGTH_0005,3
CoreLang5_Block8_Systems_And_Networking (6),CL5_C8_DNS_LABEL_COUNT_0005,3
CoreLang5_Block8_Systems_And_Networking (6),CL5_C8_CHECKSUM16_ONES_COMPLEMENT_FOLD_0005,3
CoreLang5_Block8_Systems_And_Networking (6),CL5_C8_HTTP2_FRAMES_NEEDED_0005,3
CoreLang5_Block8_Systems_And_Networking (6),CL5_C8_TLS_RECORDS_NEEDED_0005,3
CoreLang5_Block8_Systems_And_Networking (6),CL5_C8_SOCKET_ACCEPTED_WITH_BACKLOG_0005,3
CoreLang5_Block8_Systems_And_Networking (6),CL5_C8_RTT_ESTIMATED_MS_HOPS_0005,3
CoreLang5_Block8_Systems_And_Networking (6),CL5_C8_NAT_PORT_POOL_USED_0005,3
CoreLang5_Block8_Systems_And_Networking (6),CL5_C8_ROUTING_PATH_COST_SUM_0005,3
CoreLang5_Block8_Systems_And_Networking (6),CL5_C8_ETHERNET_MAC_OUI_CATEGORY_0005,3
CoreLang5_Block8_Systems_And_Networking (6),CL5_C8_QUEUE_DROPTAIL_DROPS_0005,3
CoreLang5_Block8_Systems_And_Networking (6),CL5_C8_CIDR_SUBNETS_FROM_SUPERNET_0005,3
CoreLang5_Block8_Systems_And_Networking (6),CL5_C8_TCP_THROUGHPUT_WINDOW_RTT_0006,3
CoreLang5_Block8_Systems_And_Networking (6),CL5_C8_IPV4_FRAGMENTS_COUNT_SIMPLE_0006,3
CoreLang5_Block8_Systems_And_Networking (6),CL5_C8_CIDR_USABLE_HOSTS_IPV4_0006,3
CoreLang5_Block8_Systems_And_Networking (6),CL5_C8_NETMASK_DOTTED_FROM_PREFIX_0006,3
CoreLang5_Block8_Systems_And_Networking (6),CL5_C8_HTTP_STATUS_CLASS_HUNDREDS_0006,3
CoreLang5_Block8_Systems_And_Networking (6),CL5_C8_BASE64_ENCODED_LENGTH_0006,3
CoreLang5_Block8_Systems_And_Networking (6),CL5_C8_DNS_LABEL_COUNT_0006,3
CoreLang5_Block8_Systems_And_Networking (6),CL5_C8_CHECKSUM16_ONES_COMPLEMENT_FOLD_0006,3
CoreLang5_Block8_Systems_And_Networking (6),CL5_C8_HTTP2_FRAMES_NEEDED_0006,3
CoreLang5_Block8_Systems_And_Networking (6),CL5_C8_TLS_RECORDS_NEEDED_0006,3
CoreLang5_Block8_Systems_And_Networking (6),CL5_C8_SOCKET_ACCEPTED_WITH_BACKLOG_0006,3
CoreLang5_Block8_Systems_And_Networking (6),CL5_C8_RTT_ESTIMATED_MS_HOPS_0006,3
CoreLang5_Block8_Systems_And_Networking (6),CL5_C8_NAT_PORT_POOL_USED_0006,3
CoreLang5_Block8_Systems_And_Networking (6),CL5_C8_ROUTING_PATH_COST_SUM_0006,3
CoreLang5_Block8_Systems_And_Networking (6),CL5_C8_ETHERNET_MAC_OUI_CATEGORY_0006,3
CoreLang5_Block8_Systems_And_Networking (6),CL5_C8_QUEUE_DROPTAIL_DROPS_0006,3
CoreLang5_Block8_Systems_And_Networking (6),CL5_C8_CIDR_SUBNETS_FROM_SUPERNET_0006,3
CoreLang5_Block8_Systems_And_Networking (6),CL5_C8_TCP_THROUGHPUT_WINDOW_RTT_0007,3
CoreLang5_Block8_Systems_And_Networking (6),CL5_C8_IPV4_FRAGMENTS_COUNT_SIMPLE_0007,3
CoreLang5_Block8_Systems_And_Networking (6),CL5_C8_CIDR_USABLE_HOSTS_IPV4_0007,3
CoreLang5_Block8_Systems_And_Networking (6),CL5_C8_NETMASK_DOTTED_FROM_PREFIX_0007,3
CoreLang5_Block8_Systems_And_Networking (6),CL5_C8_HTTP_STATUS_CLASS_HUNDREDS_0007,3
CoreLang5_Block8_Systems_And_Networking (6),CL5_C8_BASE64_ENCODED_LENGTH_0007,3
CoreLang5_Block8_Systems_And_Networking (6),CL5_C8_DNS_LABEL_COUNT_0007,3
CoreLang5_Block8_Systems_And_Networking (6),CL5_C8_CHECKSUM16_ONES_COMPLEMENT_FOLD_0007,3
CoreLang5_Block8_Systems_And_Networking (6),CL5_C8_HTTP2_FRAMES_NEEDED_0007,3
CoreLang5_Block8_Systems_And_Networking (6),CL5_C8_TLS_RECORDS_NEEDED_0007,3
CoreLang5_Block8_Systems_And_Networking (6),CL5_C8_SOCKET_ACCEPTED_WITH_BACKLOG_0007,3
CoreLang5_Block8_Systems_And_Networking (6),CL5_C8_RTT_ESTIMATED_MS_HOPS_0007,3
CoreLang5_Block8_Systems_And_Networking (6),CL5_C8_NAT_PORT_POOL_USED_0007,3
CoreLang5_Block8_Systems_And_Networking (6),CL5_C8_ROUTING_PATH_COST_SUM_0007,3
CoreLang5_Block8_Systems_And_Networking (6),CL5_C8_ETHERNET_MAC_OUI_CATEGORY_0007,3
CoreLang5_Block8_Systems_And_Networking (6),CL5_C8_QUEUE_DROPTAIL_DROPS_0007,3
CoreLang5_Block8_Systems_And_Networking (6),CL5_C8_CIDR_SUBNETS_FROM_SUPERNET_0007,3
CoreLang5_Block8_Systems_And_Networking (6),CL5_C8_TCP_THROUGHPUT_WINDOW_RTT_0008,3
CoreLang5_Block8_Systems_And_Networking (6),CL5_C8_IPV4_FRAGMENTS_COUNT_SIMPLE_0008,3
CoreLang5_Block8_Systems_And_Networking (6),CL5_C8_CIDR_USABLE_HOSTS_IPV4_0008,3
CoreLang5_Block8_Systems_And_Networking (6),CL5_C8_NETMASK_DOTTED_FROM_PREFIX_0008,3
CoreLang5_Block8_Systems_And_Networking (6),CL5_C8_HTTP_STATUS_CLASS_HUNDREDS_0008,3
CoreLang5_Block8_Systems_And_Networking (6),CL5_C8_BASE64_ENCODED_LENGTH_0008,3
CoreLang5_Block8_Systems_And_Networking (6),CL5_C8_DNS_LABEL_COUNT_0008,3
CoreLang5_Block8_Systems_And_Networking (6),CL5_C8_CHECKSUM16_ONES_COMPLEMENT_FOLD_0008,3
CoreLang5_Block8_Systems_And_Networking (6),CL5_C8_HTTP2_FRAMES_NEEDED_0008,3
CoreLang5_Block8_Systems_And_Networking (6),CL5_C8_TLS_RECORDS_NEEDED_0008,3
CoreLang5_Block8_Systems_And_Networking (6),CL5_C8_SOCKET_ACCEPTED_WITH_BACKLOG_0008,3
CoreLang5_Block8_Systems_And_Networking (6),CL5_C8_RTT_ESTIMATED_MS_HOPS_0008,3
CoreLang5_Block8_Systems_And_Networking (6),CL5_C8_NAT_PORT_POOL_USED_0008,3
CoreLang5_Block8_Systems_And_Networking (6),CL5_C8_ROUTING_PATH_COST_SUM_0008,3
CoreLang5_Block8_Systems_And_Networking (6),CL5_C8_ETHERNET_MAC_OUI_CATEGORY_0008,3
CoreLang5_Block8_Systems_And_Networking (6),CL5_C8_QUEUE_DROPTAIL_DROPS_0008,3
CoreLang5_Block8_Systems_And_Networking (6),CL5_C8_CIDR_SUBNETS_FROM_SUPERNET_0008,3
CoreLang5_Block8_Systems_And_Networking (6),CL5_C8_TCP_THROUGHPUT_WINDOW_RTT_0009,3
CoreLang5_Block8_Systems_And_Networking (6),CL5_C8_IPV4_FRAGMENTS_COUNT_SIMPLE_0009,3
CoreLang5_Block8_Systems_And_Networking (6),CL5_C8_CIDR_USABLE_HOSTS_IPV4_0009,3
CoreLang5_Block8_Systems_And_Networking (6),CL5_C8_NETMASK_DOTTED_FROM_PREFIX_0009,3
CoreLang5_Block8_Systems_And_Networking (6),CL5_C8_HTTP_STATUS_CLASS_HUNDREDS_0009,3
CoreLang5_Block8_Systems_And_Networking (6),CL5_C8_BASE64_ENCODED_LENGTH_0009,3
CoreLang5_Block8_Systems_And_Networking (6),CL5_C8_DNS_LABEL_COUNT_0009,3
CoreLang5_Block8_Systems_And_Networking (6),CL5_C8_CHECKSUM16_ONES_COMPLEMENT_FOLD_0009,3
CoreLang5_Block8_Systems_And_Networking (6),CL5_C8_HTTP2_FRAMES_NEEDED_0009,3
CoreLang5_Block1_Logic_and_ControlFlow (7),CL5_WHILE_HALVING_STEPS_N3_0001,3
CoreLang5_Block1_Logic_and_ControlFlow (7),CL5_NESTED_RECTANGULAR_A4_B4_0001,3
CoreLang5_Block1_Logic_and_ControlFlow (7),CL5_NESTED_TRIANGULAR_N5_0001,3
CoreLang5_Block1_Logic_and_ControlFlow (7),CL5_SHORTCIRC_EVALCOUNT_AND_I7_0001,3
CoreLang5_Block1_Logic_and_ControlFlow (7),CL5_SWITCH_FIRST_MATCH_X5_0001,3
CoreLang5_Block1_Logic_and_ControlFlow (7),CL5_BREAK_FIRST_MULTIPLE_N10_M2_0001,3
CoreLang5_Block1_Logic_and_ControlFlow (7),CL5_CONTINUE_COUNT_ACTIONS_EVEN_N11_0001,3
CoreLang5_Block1_Logic_and_ControlFlow (7),CL5_TOGGLE_BOOLEAN_AFTER_K12_0001,3
CoreLang5_Block1_Logic_and_ControlFlow (7),CL5_RECURSION_CALLS_FACTORIAL_N12_0001,3
CoreLang5_Block1_Logic_and_ControlFlow (7),CL5_TRUTHTABLE_ASSIGNMENTS_K14_0001,3
CoreLang5_Block1_Logic_and_ControlFlow (7),CL5_PATHS_NESTED_IF_A0_B1_0001,3
CoreLang5_Block1_Logic_and_ControlFlow (7),CL5_XOR_PARITY_POPCOUNT_X2098769_0001,3
CoreLang5_Block1_Logic_and_ControlFlow (7),CL5_WHILE_HALVING_STEPS_N21_0001,3
CoreLang5_Block1_Logic_and_ControlFlow (7),CL5_NESTED_RECTANGULAR_A22_B22_0001,3
CoreLang5_Block1_Logic_and_ControlFlow (7),CL5_NESTED_TRIANGULAR_N23_0001,3
CoreLang5_Block1_Logic_and_ControlFlow (7),CL5_SHORTCIRC_EVALCOUNT_AND_I1_0001,3
CoreLang5_Block1_Logic_and_ControlFlow (7),CL5_SWITCH_FIRST_MATCH_X_1_0001,3
CoreLang5_Block1_Logic_and_ControlFlow (7),CL5_BREAK_FIRST_MULTIPLE_N28_M2_0001,3
CoreLang5_Block1_Logic_and_ControlFlow (7),CL5_CONTINUE_COUNT_ACTIONS_EVEN_N29_0001,3
CoreLang5_Block1_Logic_and_ControlFlow (7),CL5_TOGGLE_BOOLEAN_AFTER_K30_0001,3
CoreLang5_Block1_Logic_and_ControlFlow (7),CL5_RECURSION_CALLS_FACTORIAL_N30_0001,3
CoreLang5_Block1_Logic_and_ControlFlow (7),CL5_TRUTHTABLE_ASSIGNMENTS_K2_0001,3
CoreLang5_Block1_Logic_and_ControlFlow (7),CL5_PATHS_NESTED_IF_A0_B0_0001,3
CoreLang5_Block1_Logic_and_ControlFlow (7),CL5_XOR_PARITY_POPCOUNT_X4320995_0001,3
CoreLang5_Block1_Logic_and_ControlFlow (7),CL5_WHILE_HALVING_STEPS_N39_0001,3
CoreLang5_Block1_Logic_and_ControlFlow (7),CL5_NESTED_RECTANGULAR_A40_B40_0001,3
CoreLang5_Block1_Logic_and_ControlFlow (7),CL5_NESTED_TRIANGULAR_N41_0001,3
CoreLang5_Block1_Logic_and_ControlFlow (7),CL5_SHORTCIRC_EVALCOUNT_AND_I3_0001,3
CoreLang5_Block1_Logic_and_ControlFlow (7),CL5_SWITCH_FIRST_MATCH_X5_0002,3
CoreLang5_Block1_Logic_and_ControlFlow (7),CL5_BREAK_FIRST_MULTIPLE_N46_M2_0001,3
CoreLang5_Block1_Logic_and_ControlFlow (7),CL5_CONTINUE_COUNT_ACTIONS_EVEN_N47_0001,3
CoreLang5_Block1_Logic_and_ControlFlow (7),CL5_TOGGLE_BOOLEAN_AFTER_K48_0001,3
CoreLang5_Block1_Logic_and_ControlFlow (7),CL5_RECURSION_CALLS_FACTORIAL_N48_0001,3
CoreLang5_Block1_Logic_and_ControlFlow (7),CL5_TRUTHTABLE_ASSIGNMENTS_K20_0001,3
CoreLang5_Block1_Logic_and_ControlFlow (7),CL5_PATHS_NESTED_IF_A0_B1_0002,3
CoreLang5_Block1_Logic_and_ControlFlow (7),CL5_XOR_PARITY_POPCOUNT_X6543221_0001,3
CoreLang5_Block1_Logic_and_ControlFlow (7),CL5_WHILE_HALVING_STEPS_N57_0001,3
CoreLang5_Block1_Logic_and_ControlFlow (7),CL5_NESTED_RECTANGULAR_A58_B58_0001,3
CoreLang5_Block1_Logic_and_ControlFlow (7),CL5_NESTED_TRIANGULAR_N59_0001,3
CoreLang5_Block1_Logic_and_ControlFlow (7),CL5_SHORTCIRC_EVALCOUNT_AND_I5_0001,3
CoreLang5_Block1_Logic_and_ControlFlow (7),CL5_SWITCH_FIRST_MATCH_X_1_0002,3
CoreLang5_Block1_Logic_and_ControlFlow (7),CL5_BREAK_FIRST_MULTIPLE_N64_M2_0001,3
CoreLang5_Block1_Logic_and_ControlFlow (7),CL5_CONTINUE_COUNT_ACTIONS_EVEN_N65_0001,3
CoreLang5_Block1_Logic_and_ControlFlow (7),CL5_TOGGLE_BOOLEAN_AFTER_K66_0001,3
CoreLang5_Block1_Logic_and_ControlFlow (7),CL5_RECURSION_CALLS_FACTORIAL_N66_0001,3
CoreLang5_Block1_Logic_and_ControlFlow (7),CL5_TRUTHTABLE_ASSIGNMENTS_K8_0001,3
CoreLang5_Block1_Logic_and_ControlFlow (7),CL5_PATHS_NESTED_IF_A0_B0_0002,3
CoreLang5_Block1_Logic_and_ControlFlow (7),CL5_XOR_PARITY_POPCOUNT_X8765447_0001,3
CoreLang5_Block1_Logic_and_ControlFlow (7),CL5_WHILE_HALVING_STEPS_N75_0001,3
CoreLang5_Block1_Logic_and_ControlFlow (7),CL5_NESTED_RECTANGULAR_A76_B76_0001,3
CoreLang5_Block1_Logic_and_ControlFlow (7),CL5_NESTED_TRIANGULAR_N77_0001,3
CoreLang5_Block1_Logic_and_ControlFlow (7),CL5_SHORTCIRC_EVALCOUNT_AND_I7_0002,3
CoreLang5_Block1_Logic_and_ControlFlow (7),CL5_SWITCH_FIRST_MATCH_X5_0003,3
CoreLang5_Block1_Logic_and_ControlFlow (7),CL5_BREAK_FIRST_MULTIPLE_N82_M2_0001,3
CoreLang5_Block1_Logic_and_ControlFlow (7),CL5_CONTINUE_COUNT_ACTIONS_EVEN_N83_0001,3
CoreLang5_Block1_Logic_and_ControlFlow (7),CL5_TOGGLE_BOOLEAN_AFTER_K84_0001,3
CoreLang5_Block1_Logic_and_ControlFlow (7),CL5_RECURSION_CALLS_FACTORIAL_N84_0001,3
CoreLang5_Block1_Logic_and_ControlFlow (7),CL5_TRUTHTABLE_ASSIGNMENTS_K26_0001,3
CoreLang5_Block1_Logic_and_ControlFlow (7),CL5_PATHS_NESTED_IF_A0_B1_0003,3
CoreLang5_Block1_Logic_and_ControlFlow (7),CL5_XOR_PARITY_POPCOUNT_X10987673_0001,3
CoreLang5_Block1_Logic_and_ControlFlow (7),CL5_WHILE_HALVING_STEPS_N93_0001,3
CoreLang5_Block1_Logic_and_ControlFlow (7),CL5_NESTED_RECTANGULAR_A94_B94_0001,3
CoreLang5_Block1_Logic_and_ControlFlow (7),CL5_NESTED_TRIANGULAR_N95_0001,3
CoreLang5_Block1_Logic_and_ControlFlow (7),CL5_SHORTCIRC_EVALCOUNT_AND_I1_0002,3
CoreLang5_Block1_Logic_and_ControlFlow (7),CL5_SWITCH_FIRST_MATCH_X_1_0003,3
CoreLang5_Block1_Logic_and_ControlFlow (7),CL5_BREAK_FIRST_MULTIPLE_N100_M2_0001,3
CoreLang5_Block1_Logic_and_ControlFlow (7),CL5_CONTINUE_COUNT_ACTIONS_EVEN_N101_0001,3
CoreLang5_Block1_Logic_and_ControlFlow (7),CL5_TOGGLE_BOOLEAN_AFTER_K102_0001,3
CoreLang5_Block1_Logic_and_ControlFlow (7),CL5_RECURSION_CALLS_FACTORIAL_N102_0001,3
CoreLang5_Block1_Logic_and_ControlFlow (7),CL5_TRUTHTABLE_ASSIGNMENTS_K14_0002,3
CoreLang5_Block1_Logic_and_ControlFlow (7),CL5_PATHS_NESTED_IF_A0_B0_0003,3
CoreLang5_Block1_Logic_and_ControlFlow (7),CL5_XOR_PARITY_POPCOUNT_X13209899_0001,3
CoreLang5_Block1_Logic_and_ControlFlow (7),CL5_WHILE_HALVING_STEPS_N111_0001,3
CoreLang5_Block1_Logic_and_ControlFlow (7),CL5_NESTED_RECTANGULAR_A112_B112_0001,3
CoreLang5_Block1_Logic_and_ControlFlow (7),CL5_NESTED_TRIANGULAR_N113_0001,3
CoreLang5_Block1_Logic_and_ControlFlow (7),CL5_SHORTCIRC_EVALCOUNT_AND_I3_0002,3
CoreLang5_Block1_Logic_and_ControlFlow (7),CL5_SWITCH_FIRST_MATCH_X5_0004,3
CoreLang5_Block1_Logic_and_ControlFlow (7),CL5_BREAK_FIRST_MULTIPLE_N118_M2_0001,3
CoreLang5_Block1_Logic_and_ControlFlow (7),CL5_CONTINUE_COUNT_ACTIONS_EVEN_N119_0001,3
CoreLang5_Block1_Logic_and_ControlFlow (7),CL5_TOGGLE_BOOLEAN_AFTER_K120_0001,3
CoreLang5_Block1_Logic_and_ControlFlow (7),CL5_RECURSION_CALLS_FACTORIAL_N120_0001,3
CoreLang5_Block1_Logic_and_ControlFlow (7),CL5_TRUTHTABLE_ASSIGNMENTS_K2_0002,3
CoreLang5_Block1_Logic_and_ControlFlow (7),CL5_PATHS_NESTED_IF_A0_B1_0004,3
CoreLang5_Block1_Logic_and_ControlFlow (7),CL5_XOR_PARITY_POPCOUNT_X15432125_0001,3
CoreLang5_Block1_Logic_and_ControlFlow (7),CL5_WHILE_HALVING_STEPS_N129_0001,3
CoreLang5_Block1_Logic_and_ControlFlow (7),CL5_NESTED_RECTANGULAR_A130_B130_0001,3
CoreLang5_Block1_Logic_and_ControlFlow (7),CL5_NESTED_TRIANGULAR_N131_0001,3
CoreLang5_Block1_Logic_and_ControlFlow (7),CL5_SHORTCIRC_EVALCOUNT_AND_I5_0002,3
CoreLang5_Block1_Logic_and_ControlFlow (7),CL5_SWITCH_FIRST_MATCH_X_1_0004,3
CoreLang5_Block1_Logic_and_ControlFlow (7),CL5_BREAK_FIRST_MULTIPLE_N136_M2_0001,3
CoreLang5_Block1_Logic_and_ControlFlow (7),CL5_CONTINUE_COUNT_ACTIONS_EVEN_N137_0001,3
CoreLang5_Block1_Logic_and_ControlFlow (7),CL5_TOGGLE_BOOLEAN_AFTER_K138_0001,3
CoreLang5_Block1_Logic_and_ControlFlow (7),CL5_RECURSION_CALLS_FACTORIAL_N138_0001,3
CoreLang5_Block1_Logic_and_ControlFlow (7),CL5_TRUTHTABLE_ASSIGNMENTS_K20_0002,3
CoreLang5_Block1_Logic_and_ControlFlow (7),CL5_PATHS_NESTED_IF_A0_B0_0004,3
CoreLang5_Block1_Logic_and_ControlFlow (7),CL5_XOR_PARITY_POPCOUNT_X17654351_0001,3
CoreLang5_Block1_Logic_and_ControlFlow (7),CL5_WHILE_HALVING_STEPS_N147_0001,3
CoreLang5_Block1_Logic_and_ControlFlow (7),CL5_NESTED_RECTANGULAR_A148_B148_0001,3
CoreLang5_Block1_Logic_and_ControlFlow (7),CL5_NESTED_TRIANGULAR_N149_0001,3
CoreLang5_Block1_Logic_and_ControlFlow (7),CL5_SHORTCIRC_EVALCOUNT_AND_I7_0003,3
CoreLang5_Block1_Logic_and_ControlFlow (7),CL5_SWITCH_FIRST_MATCH_X5_0005,3
CoreLang5_Block1_Logic_and_ControlFlow (7),CL5_BREAK_FIRST_MULTIPLE_N154_M2_0001,3
CoreLang5_Block1_Logic_and_ControlFlow (7),CL5_CONTINUE_COUNT_ACTIONS_EVEN_N155_0001,3
CoreLang5_Block1_Logic_and_ControlFlow (7),CL5_TOGGLE_BOOLEAN_AFTER_K156_0001,3
CoreLang5_Block1_Logic_and_ControlFlow (7),CL5_RECURSION_CALLS_FACTORIAL_N156_0001,3
CoreLang5_Block1_Logic_and_ControlFlow (7),CL5_TRUTHTABLE_ASSIGNMENTS_K8_0002,3
CoreLang5_Block1_Logic_and_ControlFlow (7),CL5_PATHS_NESTED_IF_A0_B1_0005,3
CoreLang5_Block1_Logic_and_ControlFlow (7),CL5_XOR_PARITY_POPCOUNT_X19876577_0001,3
CoreLang5_Block1_Logic_and_ControlFlow (7),CL5_WHILE_HALVING_STEPS_N165_0001,3
CoreLang5_Block1_Logic_and_ControlFlow (7),CL5_NESTED_RECTANGULAR_A166_B166_0001,3
CoreLang5_Block1_Logic_and_ControlFlow (7),CL5_NESTED_TRIANGULAR_N167_0001,3
CoreLang5_Block1_Logic_and_ControlFlow (7),CL5_SHORTCIRC_EVALCOUNT_AND_I1_0003,3
CoreLang5_Block1_Logic_and_ControlFlow (7),CL5_SWITCH_FIRST_MATCH_X_1_0005,3
CoreLang5_Block1_Logic_and_ControlFlow (7),CL5_BREAK_FIRST_MULTIPLE_N172_M2_0001,3
CoreLang5_Block1_Logic_and_ControlFlow (7),CL5_CONTINUE_COUNT_ACTIONS_EVEN_N173_0001,3
CoreLang5_Block1_Logic_and_ControlFlow (7),CL5_TOGGLE_BOOLEAN_AFTER_K174_0001,3
CoreLang5_Block1_Logic_and_ControlFlow (7),CL5_RECURSION_CALLS_FACTORIAL_N174_0001,3
CoreLang5_Block1_Logic_and_ControlFlow (7),CL5_TRUTHTABLE_ASSIGNMENTS_K26_0002,3
CoreLang5_Block1_Logic_and_ControlFlow (7),CL5_PATHS_NESTED_IF_A0_B0_0005,3
CoreLang5_Block1_Logic_and_ControlFlow (7),CL5_XOR_PARITY_POPCOUNT_X22098803_0001,3
CoreLang5_Block1_Logic_and_ControlFlow (7),CL5_WHILE_HALVING_STEPS_N183_0001,3
CoreLang5_Block1_Logic_and_ControlFlow (7),CL5_NESTED_RECTANGULAR_A184_B184_0001,3
CoreLang5_Block1_Logic_and_ControlFlow (7),CL5_NESTED_TRIANGULAR_N185_0001,3
CoreLang5_Block1_Logic_and_ControlFlow (7),CL5_SHORTCIRC_EVALCOUNT_AND_I3_0003,3
CoreLang5_Block1_Logic_and_ControlFlow (7),CL5_SWITCH_FIRST_MATCH_X5_0006,3
CoreLang5_Block1_Logic_and_ControlFlow (7),CL5_BREAK_FIRST_MULTIPLE_N190_M2_0001,3
CoreLang5_Block1_Logic_and_ControlFlow (7),CL5_CONTINUE_COUNT_ACTIONS_EVEN_N191_0001,3
CoreLang5_Block1_Logic_and_ControlFlow (7),CL5_TOGGLE_BOOLEAN_AFTER_K192_0001,3
CoreLang5_Block1_Logic_and_ControlFlow (7),CL5_RECURSION_CALLS_FACTORIAL_N192_0001,3
CoreLang5_Block1_Logic_and_ControlFlow (7),CL5_TRUTHTABLE_ASSIGNMENTS_K14_0003,3
CoreLang5_Block1_Logic_and_ControlFlow (7),CL5_PATHS_NESTED_IF_A0_B1_0006,3
CoreLang5_Block1_Logic_and_ControlFlow (7),CL5_XOR_PARITY_POPCOUNT_X24321029_0001,3
CoreLang5_Block1_Logic_and_ControlFlow (7),CL5_WHILE_HALVING_STEPS_N201_0001,3
CoreLang5_Block1_Logic_and_ControlFlow (7),CL5_NESTED_RECTANGULAR_A202_B202_0001,3
CoreLang5_Block1_Logic_and_ControlFlow (7),CL5_NESTED_TRIANGULAR_N203_0001,3
CoreLang5_Block1_Logic_and_ControlFlow (7),CL5_SHORTCIRC_EVALCOUNT_AND_I5_0003,3
CoreLang5_Block1_Logic_and_ControlFlow (7),CL5_SWITCH_FIRST_MATCH_X_1_0006,3
CoreLang5_Block1_Logic_and_ControlFlow (7),CL5_BREAK_FIRST_MULTIPLE_N208_M2_0001,3
CoreLang5_Block1_Logic_and_ControlFlow (7),CL5_CONTINUE_COUNT_ACTIONS_EVEN_N209_0001,3
CoreLang5_Block1_Logic_and_ControlFlow (7),CL5_TOGGLE_BOOLEAN_AFTER_K210_0001,3
CoreLang5_Block1_Logic_and_ControlFlow (7),CL5_RECURSION_CALLS_FACTORIAL_N210_0001,3
CoreLang5_Block1_Logic_and_ControlFlow (7),CL5_TRUTHTABLE_ASSIGNMENTS_K2_0003,3
CoreLang5_Block1_Logic_and_ControlFlow (7),CL5_PATHS_NESTED_IF_A0_B0_0006,3
CoreLang5_Block1_Logic_and_ControlFlow (7),CL5_XOR_PARITY_POPCOUNT_X26543255_0001,3
CoreLang5_Block1_Logic_and_ControlFlow (7),CL5_WHILE_HALVING_STEPS_N219_0001,3
CoreLang5_Block1_Logic_and_ControlFlow (7),CL5_NESTED_RECTANGULAR_A220_B220_0001,3
CoreLang5_Block1_Logic_and_ControlFlow (7),CL5_NESTED_TRIANGULAR_N221_0001,3
CoreLang5_Block1_Logic_and_ControlFlow (7),CL5_SHORTCIRC_EVALCOUNT_AND_I7_0004,3
CoreLang5_Block1_Logic_and_ControlFlow (7),CL5_SWITCH_FIRST_MATCH_X5_0007,3
CoreLang5_Block1_Logic_and_ControlFlow (7),CL5_BREAK_FIRST_MULTIPLE_N226_M2_0001,3
CoreLang5_Block9_Optimization_And_Profiling (6),QUEUE_MM1,286
CoreLang5_Block9_Optimization_And_Profiling (6),CL5_C9_AMDAHL_SPEEDUP_ESTIMATE_0001,3
CoreLang5_Block9_Optimization_And_Profiling (6),CL5_C9_GUSTAFSON_SCALED_SPEEDUP_0001,3
CoreLang5_Block9_Optimization_And_Profiling (6),CL5_C9_CACHE_AMAT_CYCLES_0001,3
CoreLang5_Block9_Optimization_And_Profiling (6),CL5_C9_CACHE_LINES_NEEDED_64B_0001,3
CoreLang5_Block9_Optimization_And_Profiling (6),CL5_C9_ROOFLINE_ATTAINABLE_GFLOPS_0001,3
CoreLang5_Block9_Optimization_And_Profiling (6),CL5_C9_QUEUE_MM1_LQ_FLOOR_0001,3
CoreLang5_Block9_Optimization_And_Profiling (6),CL5_C9_PARALLEL_EFFICIENCY_PERCENT_FLOOR_0001,3
CoreLang5_Block9_Optimization_And_Profiling (6),CL5_C9_GC_TOTAL_PAUSE_MS_0001,3
CoreLang5_Block9_Optimization_And_Profiling (6),CL5_C9_INLINE_ALLOWED_FLAG_0001,3
CoreLang5_Block9_Optimization_And_Profiling (6),CL5_C9_SIMD_TOTAL_ELEMENTS_PROCESSED_0001,3
CoreLang5_Block9_Optimization_And_Profiling (6),CL5_C9_PREFETCH_DISTANCE_ITERS_CEIL_0001,3
CoreLang5_Block9_Optimization_And_Profiling (6),CL5_C9_TLB_COVERAGE_PERCENT_FLOOR_0001,3
CoreLang5_Block9_Optimization_And_Profiling (6),CL5_C9_TLB_PAGE_WALKS_COUNT_0001,3
CoreLang5_Block9_Optimization_And_Profiling (6),CL5_C9_PROFILE_HOTSPOT_PERCENT_FLOOR_0001,3
CoreLang5_Block9_Optimization_And_Profiling (6),CL5_C9_PROFILE_SAMPLING_INTERVAL_US_0001,3
CoreLang5_Block9_Optimization_And_Profiling (6),CL5_C9_LOCK_CONTENTION_PERCENT_FLOOR_0001,3
CoreLang5_Block9_Optimization_And_Profiling (6),CL5_C9_AMDAHL_SPEEDUP_ESTIMATE_0002,3
CoreLang5_Block9_Optimization_And_Profiling (6),CL5_C9_GUSTAFSON_SCALED_SPEEDUP_0002,3
CoreLang5_Block9_Optimization_And_Profiling (6),CL5_C9_CACHE_AMAT_CYCLES_0002,3
CoreLang5_Block9_Optimization_And_Profiling (6),CL5_C9_CACHE_LINES_NEEDED_64B_0002,3
CoreLang5_Block9_Optimization_And_Profiling (6),CL5_C9_ROOFLINE_ATTAINABLE_GFLOPS_0002,3
CoreLang5_Block9_Optimization_And_Profiling (6),CL5_C9_QUEUE_MM1_LQ_FLOOR_0002,3
CoreLang5_Block9_Optimization_And_Profiling (6),CL5_C9_PARALLEL_EFFICIENCY_PERCENT_FLOOR_0002,3
CoreLang5_Block9_Optimization_And_Profiling (6),CL5_C9_GC_TOTAL_PAUSE_MS_0002,3
CoreLang5_Block9_Optimization_And_Profiling (6),CL5_C9_INLINE_ALLOWED_FLAG_0002,3
CoreLang5_Block9_Optimization_And_Profiling (6),CL5_C9_SIMD_TOTAL_ELEMENTS_PROCESSED_0002,3
CoreLang5_Block9_Optimization_And_Profiling (6),CL5_C9_PREFETCH_DISTANCE_ITERS_CEIL_0002,3
CoreLang5_Block9_Optimization_And_Profiling (6),CL5_C9_TLB_COVERAGE_PERCENT_FLOOR_0002,3
CoreLang5_Block9_Optimization_And_Profiling (6),CL5_C9_TLB_PAGE_WALKS_COUNT_0002,3
CoreLang5_Block9_Optimization_And_Profiling (6),CL5_C9_PROFILE_HOTSPOT_PERCENT_FLOOR_0002,3
CoreLang5_Block9_Optimization_And_Profiling (6),CL5_C9_PROFILE_SAMPLING_INTERVAL_US_0002,3
CoreLang5_Block9_Optimization_And_Profiling (6),CL5_C9_LOCK_CONTENTION_PERCENT_FLOOR_0002,3
CoreLang5_Block9_Optimization_And_Profiling (6),CL5_C9_AMDAHL_SPEEDUP_ESTIMATE_0003,3
CoreLang5_Block9_Optimization_And_Profiling (6),CL5_C9_GUSTAFSON_SCALED_SPEEDUP_0003,3
CoreLang5_Block9_Optimization_And_Profiling (6),CL5_C9_CACHE_AMAT_CYCLES_0003,3
CoreLang5_Block9_Optimization_And_Profiling (6),CL5_C9_CACHE_LINES_NEEDED_64B_0003,3
CoreLang5_Block9_Optimization_And_Profiling (6),CL5_C9_ROOFLINE_ATTAINABLE_GFLOPS_0003,3
CoreLang5_Block9_Optimization_And_Profiling (6),CL5_C9_QUEUE_MM1_LQ_FLOOR_0003,3
CoreLang5_Block9_Optimization_And_Profiling (6),CL5_C9_PARALLEL_EFFICIENCY_PERCENT_FLOOR_0003,3
CoreLang5_Block9_Optimization_And_Profiling (6),CL5_C9_GC_TOTAL_PAUSE_MS_0003,3
CoreLang5_Block9_Optimization_And_Profiling (6),CL5_C9_INLINE_ALLOWED_FLAG_0003,3
CoreLang5_Block9_Optimization_And_Profiling (6),CL5_C9_SIMD_TOTAL_ELEMENTS_PROCESSED_0003,3
CoreLang5_Block9_Optimization_And_Profiling (6),CL5_C9_PREFETCH_DISTANCE_ITERS_CEIL_0003,3
CoreLang5_Block9_Optimization_And_Profiling (6),CL5_C9_TLB_COVERAGE_PERCENT_FLOOR_0003,3
CoreLang5_Block9_Optimization_And_Profiling (6),CL5_C9_TLB_PAGE_WALKS_COUNT_0003,3
CoreLang5_Block9_Optimization_And_Profiling (6),CL5_C9_PROFILE_HOTSPOT_PERCENT_FLOOR_0003,3
CoreLang5_Block9_Optimization_And_Profiling (6),CL5_C9_PROFILE_SAMPLING_INTERVAL_US_0003,3
CoreLang5_Block9_Optimization_And_Profiling (6),CL5_C9_LOCK_CONTENTION_PERCENT_FLOOR_0003,3
CoreLang5_Block9_Optimization_And_Profiling (6),CL5_C9_AMDAHL_SPEEDUP_ESTIMATE_0004,3
CoreLang5_Block9_Optimization_And_Profiling (6),CL5_C9_GUSTAFSON_SCALED_SPEEDUP_0004,3
CoreLang5_Block9_Optimization_And_Profiling (6),CL5_C9_CACHE_AMAT_CYCLES_0004,3
CoreLang5_Block9_Optimization_And_Profiling (6),CL5_C9_CACHE_LINES_NEEDED_64B_0004,3
CoreLang5_Block9_Optimization_And_Profiling (6),CL5_C9_ROOFLINE_ATTAINABLE_GFLOPS_0004,3
CoreLang5_Block9_Optimization_And_Profiling (6),CL5_C9_QUEUE_MM1_LQ_FLOOR_0004,3
CoreLang5_Block9_Optimization_And_Profiling (6),CL5_C9_PARALLEL_EFFICIENCY_PERCENT_FLOOR_0004,3
CoreLang5_Block9_Optimization_And_Profiling (6),CL5_C9_GC_TOTAL_PAUSE_MS_0004,3
CoreLang5_Block9_Optimization_And_Profiling (6),CL5_C9_INLINE_ALLOWED_FLAG_0004,3
CoreLang5_Block9_Optimization_And_Profiling (6),CL5_C9_SIMD_TOTAL_ELEMENTS_PROCESSED_0004,3
CoreLang5_Block9_Optimization_And_Profiling (6),CL5_C9_PREFETCH_DISTANCE_ITERS_CEIL_0004,3
CoreLang5_Block9_Optimization_And_Profiling (6),CL5_C9_TLB_COVERAGE_PERCENT_FLOOR_0004,3
CoreLang5_Block9_Optimization_And_Profiling (6),CL5_C9_TLB_PAGE_WALKS_COUNT_0004,3
CoreLang5_Block9_Optimization_And_Profiling (6),CL5_C9_PROFILE_HOTSPOT_PERCENT_FLOOR_0004,3
CoreLang5_Block9_Optimization_And_Profiling (6),CL5_C9_PROFILE_SAMPLING_INTERVAL_US_0004,3
CoreLang5_Block9_Optimization_And_Profiling (6),CL5_C9_LOCK_CONTENTION_PERCENT_FLOOR_0004,3
CoreLang5_Block9_Optimization_And_Profiling (6),CL5_C9_AMDAHL_SPEEDUP_ESTIMATE_0005,3
CoreLang5_Block9_Optimization_And_Profiling (6),CL5_C9_GUSTAFSON_SCALED_SPEEDUP_0005,3
CoreLang5_Block9_Optimization_And_Profiling (6),CL5_C9_CACHE_AMAT_CYCLES_0005,3
CoreLang5_Block9_Optimization_And_Profiling (6),CL5_C9_CACHE_LINES_NEEDED_64B_0005,3
CoreLang5_Block9_Optimization_And_Profiling (6),CL5_C9_ROOFLINE_ATTAINABLE_GFLOPS_0005,3
CoreLang5_Block9_Optimization_And_Profiling (6),CL5_C9_QUEUE_MM1_LQ_FLOOR_0005,3
CoreLang5_Block9_Optimization_And_Profiling (6),CL5_C9_PARALLEL_EFFICIENCY_PERCENT_FLOOR_0005,3
CoreLang5_Block9_Optimization_And_Profiling (6),CL5_C9_GC_TOTAL_PAUSE_MS_0005,3
CoreLang5_Block9_Optimization_And_Profiling (6),CL5_C9_INLINE_ALLOWED_FLAG_0005,3
CoreLang5_Block9_Optimization_And_Profiling (6),CL5_C9_SIMD_TOTAL_ELEMENTS_PROCESSED_0005,3
CoreLang5_Block9_Optimization_And_Profiling (6),CL5_C9_PREFETCH_DISTANCE_ITERS_CEIL_0005,3
CoreLang5_Block9_Optimization_And_Profiling (6),CL5_C9_TLB_COVERAGE_PERCENT_FLOOR_0005,3
CoreLang5_Block9_Optimization_And_Profiling (6),CL5_C9_TLB_PAGE_WALKS_COUNT_0005,3
CoreLang5_Block9_Optimization_And_Profiling (6),CL5_C9_PROFILE_HOTSPOT_PERCENT_FLOOR_0005,3
CoreLang5_Block9_Optimization_And_Profiling (6),CL5_C9_PROFILE_SAMPLING_INTERVAL_US_0005,3
CoreLang5_Block9_Optimization_And_Profiling (6),CL5_C9_LOCK_CONTENTION_PERCENT_FLOOR_0005,3
CoreLang5_Block9_Optimization_And_Profiling (6),CL5_C9_AMDAHL_SPEEDUP_ESTIMATE_0006,3
CoreLang5_Block9_Optimization_And_Profiling (6),CL5_C9_GUSTAFSON_SCALED_SPEEDUP_0006,3
CoreLang5_Block9_Optimization_And_Profiling (6),CL5_C9_CACHE_AMAT_CYCLES_0006,3
CoreLang5_Block9_Optimization_And_Profiling (6),CL5_C9_CACHE_LINES_NEEDED_64B_0006,3
CoreLang5_Block9_Optimization_And_Profiling (6),CL5_C9_ROOFLINE_ATTAINABLE_GFLOPS_0006,3
CoreLang5_Block9_Optimization_And_Profiling (6),CL5_C9_QUEUE_MM1_LQ_FLOOR_0006,3
CoreLang5_Block9_Optimization_And_Profiling (6),CL5_C9_PARALLEL_EFFICIENCY_PERCENT_FLOOR_0006,3
CoreLang5_Block9_Optimization_And_Profiling (6),CL5_C9_GC_TOTAL_PAUSE_MS_0006,3
CoreLang5_Block9_Optimization_And_Profiling (6),CL5_C9_INLINE_ALLOWED_FLAG_0006,3
CoreLang5_Block9_Optimization_And_Profiling (6),CL5_C9_SIMD_TOTAL_ELEMENTS_PROCESSED_0006,3
CoreLang5_Block9_Optimization_And_Profiling (6),CL5_C9_PREFETCH_DISTANCE_ITERS_CEIL_0006,3
CoreLang5_Block9_Optimization_And_Profiling (6),CL5_C9_TLB_COVERAGE_PERCENT_FLOOR_0006,3
CoreLang5_Block9_Optimization_And_Profiling (6),CL5_C9_TLB_PAGE_WALKS_COUNT_0006,3
CoreLang5_Block9_Optimization_And_Profiling (6),CL5_C9_PROFILE_HOTSPOT_PERCENT_FLOOR_0006,3
CoreLang5_Block9_Optimization_And_Profiling (6),CL5_C9_PROFILE_SAMPLING_INTERVAL_US_0006,3
CoreLang5_Block9_Optimization_And_Profiling (6),CL5_C9_LOCK_CONTENTION_PERCENT_FLOOR_0006,3
CoreLang5_Block9_Optimization_And_Profiling (6),CL5_C9_AMDAHL_SPEEDUP_ESTIMATE_0007,3
CoreLang5_Block9_Optimization_And_Profiling (6),CL5_C9_GUSTAFSON_SCALED_SPEEDUP_0007,3
CoreLang5_Block9_Optimization_And_Profiling (6),CL5_C9_CACHE_AMAT_CYCLES_0007,3
CoreLang5_Block9_Optimization_And_Profiling (6),CL5_C9_CACHE_LINES_NEEDED_64B_0007,3
CoreLang5_Block9_Optimization_And_Profiling (6),CL5_C9_ROOFLINE_ATTAINABLE_GFLOPS_0007,3
CoreLang5_Block9_Optimization_And_Profiling (6),CL5_C9_QUEUE_MM1_LQ_FLOOR_0007,3
CoreLang5_Block9_Optimization_And_Profiling (6),CL5_C9_PARALLEL_EFFICIENCY_PERCENT_FLOOR_0007,3
CoreLang5_Block9_Optimization_And_Profiling (6),CL5_C9_GC_TOTAL_PAUSE_MS_0007,3
CoreLang5_Block9_Optimization_And_Profiling (6),CL5_C9_INLINE_ALLOWED_FLAG_0007,3
CoreLang5_Block9_Optimization_And_Profiling (6),CL5_C9_SIMD_TOTAL_ELEMENTS_PROCESSED_0007,3
CoreLang5_Block9_Optimization_And_Profiling (6),CL5_C9_PREFETCH_DISTANCE_ITERS_CEIL_0007,3
CoreLang5_Block9_Optimization_And_Profiling (6),CL5_C9_TLB_COVERAGE_PERCENT_FLOOR_0007,3
CoreLang5_Block9_Optimization_And_Profiling (6),CL5_C9_TLB_PAGE_WALKS_COUNT_0007,3
CoreLang5_Block9_Optimization_And_Profiling (6),CL5_C9_PROFILE_HOTSPOT_PERCENT_FLOOR_0007,3
CoreLang5_Block9_Optimization_And_Profiling (6),CL5_C9_PROFILE_SAMPLING_INTERVAL_US_0007,3
CoreLang5_Block9_Optimization_And_Profiling (6),CL5_C9_LOCK_CONTENTION_PERCENT_FLOOR_0007,3
CoreLang5_Block9_Optimization_And_Profiling (6),CL5_C9_AMDAHL_SPEEDUP_ESTIMATE_0008,3
CoreLang5_Block9_Optimization_And_Profiling (6),CL5_C9_GUSTAFSON_SCALED_SPEEDUP_0008,3
CoreLang5_Block9_Optimization_And_Profiling (6),CL5_C9_CACHE_AMAT_CYCLES_0008,3
CoreLang5_Block9_Optimization_And_Profiling (6),CL5_C9_CACHE_LINES_NEEDED_64B_0008,3
CoreLang5_Block9_Optimization_And_Profiling (6),CL5_C9_ROOFLINE_ATTAINABLE_GFLOPS_0008,3
CoreLang5_Block9_Optimization_And_Profiling (6),CL5_C9_QUEUE_MM1_LQ_FLOOR_0008,3
CoreLang5_Block9_Optimization_And_Profiling (6),CL5_C9_PARALLEL_EFFICIENCY_PERCENT_FLOOR_0008,3
CoreLang5_Block9_Optimization_And_Profiling (6),CL5_C9_GC_TOTAL_PAUSE_MS_0008,3
CoreLang5_Block9_Optimization_And_Profiling (6),CL5_C9_INLINE_ALLOWED_FLAG_0008,3
CoreLang5_Block9_Optimization_And_Profiling (6),CL5_C9_SIMD_TOTAL_ELEMENTS_PROCESSED_0008,3
CoreLang5_Block9_Optimization_And_Profiling (6),CL5_C9_PREFETCH_DISTANCE_ITERS_CEIL_0008,3
CoreLang5_Block9_Optimization_And_Profiling (6),CL5_C9_TLB_COVERAGE_PERCENT_FLOOR_0008,3
CoreLang5_Block9_Optimization_And_Profiling (6),CL5_C9_TLB_PAGE_WALKS_COUNT_0008,3
CoreLang5_Block9_Optimization_And_Profiling (6),CL5_C9_PROFILE_HOTSPOT_PERCENT_FLOOR_0008,3
CoreLang5_Block9_Optimization_And_Profiling (6),CL5_C9_PROFILE_SAMPLING_INTERVAL_US_0008,3
CoreLang5_Block9_Optimization_And_Profiling (6),CL5_C9_LOCK_CONTENTION_PERCENT_FLOOR_0008,3
CoreLang5_Block9_Optimization_And_Profiling (6),CL5_C9_AMDAHL_SPEEDUP_ESTIMATE_0009,3
CoreLang5_Block9_Optimization_And_Profiling (6),CL5_C9_GUSTAFSON_SCALED_SPEEDUP_0009,3
CoreLang5_Block9_Optimization_And_Profiling (6),CL5_C9_CACHE_AMAT_CYCLES_0009,3
CoreLang5_Block9_Optimization_And_Profiling (6),CL5_C9_CACHE_LINES_NEEDED_64B_0009,3
CoreLang5_Block9_Optimization_And_Profiling (6),CL5_C9_ROOFLINE_ATTAINABLE_GFLOPS_0009,3
CoreLang5_Block9_Optimization_And_Profiling (6),CL5_C9_QUEUE_MM1_LQ_FLOOR_0009,3
CoreLang5_Block9_Optimization_And_Profiling (6),CL5_C9_PARALLEL_EFFICIENCY_PERCENT_FLOOR_0009,3
CoreLang5_Block9_Optimization_And_Profiling (6),CL5_C9_GC_TOTAL_PAUSE_MS_0009,3
CoreLang5_Block9_Optimization_And_Profiling (6),CL5_C9_INLINE_ALLOWED_FLAG_0009,3
CoreLang5_Block9_Optimization_And_Profiling (6),CL5_C9_SIMD_TOTAL_ELEMENTS_PROCESSED_0009,3
CoreLang5_Block9_Optimization_And_Profiling (6),CL5_C9_PREFETCH_DISTANCE_ITERS_CEIL_0009,3
CoreLang5_Block9_Optimization_And_Profiling (6),CL5_C9_TLB_COVERAGE_PERCENT_FLOOR_0009,3
CoreLang5_Block9_Optimization_And_Profiling (6),CL5_C9_TLB_PAGE_WALKS_COUNT_0009,3
CoreLang5_Block9_Optimization_And_Profiling (6),CL5_C9_PROFILE_HOTSPOT_PERCENT_FLOOR_0009,3
CoreLang5_Block9_Optimization_And_Profiling (6),CL5_C9_PROFILE_SAMPLING_INTERVAL_US_0009,3
CoreLang5_Block9_Optimization_And_Profiling (6),CL5_C9_LOCK_CONTENTION_PERCENT_FLOOR_0009,3
CoreLang5_Block9_Optimization_And_Profiling (6),CL5_C9_AMDAHL_SPEEDUP_ESTIMATE_0010,3
CoreLang5_Block9_Optimization_And_Profiling (6),CL5_C9_GUSTAFSON_SCALED_SPEEDUP_0010,3
CoreLang5_Block9_Optimization_And_Profiling (6),CL5_C9_CACHE_AMAT_CYCLES_0010,3
CoreLang5_Block9_Optimization_And_Profiling (6),CL5_C9_CACHE_LINES_NEEDED_64B_0010,3
CoreLang5_Block9_Optimization_And_Profiling (6),CL5_C9_ROOFLINE_ATTAINABLE_GFLOPS_0010,3
